0,0,0,true,0.99834204,false,-1,2,2,0.86902094,0.032955717,0,false,-1,-1,-1,-1,-1,-1,-1,-1,-1,-1,-1,-1,-1,-1,-1,-1,-1,-1,-1,-1,-1,-1,-1,-1,-1,-1,-1,-1,-1,-1,-1,-1,-1,-1,-1,-1,-1,-1,-1,-1,-1,-10,1,1000,false,0.06459214,true,-1,0,1,0,0,0,false,831600,5834400,2864400,264000,3234000,1430000,-1,-1,-1,-1,-1,-1,2002000,10216800,5420800,5500000,17424000,10648000,902207,1635349,1252278,-1,-1,-1,-1,-1,-1,-1,-1,-1,-1,-1,-1,-1,-1,-1,-1,-1,-1,-1,-1,-1
0,2,1000,false,2.4427903,false,-1,-5,10,0,0,0,false,2376000,6930000,4290000,0,495000,148500,1584000,6270000,3465000,8910000,21780000,14520000,792000,4702500,2310000,0,363000,89100,-1,-1,-1,990000,5940000,2904000,-1,-1,-1,-1,-1,-1,-1,-1,-1,-1,-1,-1,-1,-1,-1,-1,-1,-1
0,3,0,false,3.2412302,false,-1,-4,24,0,0,0,false,4646400,13167000,8316000,363000,2494800,1161600,1003200,5454900,2772000,4950000,13860000,8712000,693000,4207500,2046000,0,508200,128700,-1,-1,-1,-1,-1,-1,-1,-1,-1,-1,-1,-1,-1,-1,-1,-1,-1,-1,-1,-1,-1,-1,-1,-1
1,0,0,true,0.80933726,false,-1,-2,5,0.24866173,0,0.6395121,false,-1,-1,-1,-1,-1,-1,-1,-1,-1,-1,-1,-1,-1,-1,-1,-1,-1,-1,-1,-1,-1,-1,-1,-1,-1,-1,-1,-1,-1,-1,-1,-1,-1,-1,-1,-1,-1,-1,-1,-1,-1,-11,1,1000,false,0.062466595,true,-1,0,18,0,0,0,false,1477440,5357520,3073200,1539000,5357520,3120480,3447360,10906380,6619200,-1,-1,-1,1099248,5310595,2758070,8722140,20585016,13868976,1608663,2520869,2048266,-1,-1,-1,-1,-1,-1,-1,-1,-1,0,4574448,1733622,-1,-1,-1,0,4574448,1733622,-1,-1,-1
1,2,0,false,0.100241475,true,-1,-4,24,0,0,0,false,5957248,15112790,9928957,465410,2863476,1386902,1248992,6330534,3309670,6230100,16010568,10401732,872214,4860351,2442831,0,561960,153660,-1,-1,-1,7476120,18297792,12135354,1246020,6861672,3467244,-1,-1,-1,-1,-1,-1,-1,-1,-1,-1,-1,-1,-1,-1,-1
2,0,1116,false,0.3246726,true,-1,4,13,0,0,0,false,11542500,25641000,17737500,11542500,25641000,17737500,382500,2724750,1257750,7695000,18648000,12416250,857268,3976910,2096276,0,569632,157222,-1,-1,-1,-1,-1,-1,-1,-1,-1,-1,-1,-1,-1,-1,-1,-1,-1,-1,-1,-1,-1,-1,-1,-1
2,1,-2,false,0.5773438,false,-1,0,25,0,0,0,false,3913924,11159514,6998312,571512,3181528,1572207,8977500,20979000,14190000,0,4662000,1773750,958512,4084528,2201082,12839840,27179760,19156302,1475806,2324154,1883480,-1,-1,-1,-1,-1,-1,0,4662000,1773750,1282500,6993000,3547500,-1,-1,-1,0,4662000,1773750,-1,-1,-1
2,2,1000,false,1.5679379,false,-1,-5,10,0,0,0,false,3078000,8158500,5240625,0,568130,181408,2052000,7381500,4232812,11542500,25641000,17737500,1026000,5536125,2821875,0,406880,108846,-1,-1,-1,7695000,18648000,12416250,-1,-1,-1,-1,-1,-1,-1,-1,-1,582988,3806742,1802402,-1,-1,-1,-1,-1,-1
3,0,1116,false,0.31986764,true,-1,4,13,0,0,0,false,13253760,28150848,19829040,13253760,28150848,19829040,450948,2964318,1406054,8835840,20473344,13880328,1028376,4309620,2343432,0,609546,175753,-1,-1,-1,-1,-1,-1,-1,-1,-1,-1,-1,-1,-1,-1,-1,-1,-1,-1,-1,-1,-1,-1,-1,-1
3,1,0,false,1.1459926,false,-1,-4,24,0,0,0,false,7117440,16834950,11356537,556050,3189780,1586310,1466528,7105506,3785530,7363200,17914176,11897424,1030848,5438232,2794092,0,609546,175753,-1,-1,-1,14726400,30710016,21811944,1472640,7677504,3965808,-1,-1,-1,-1,-1,-1,-1,-1,-1,-1,-1,-1,-1,-1,-1
3,2,-2,false,1.5444756,false,-1,-2,20,0,0,0,false,4712448,12156048,7886550,14726400,30710016,21811944,0,2559168,991452,10308480,23032512,15863232,799848,4186488,2095569,0,609546,175753,-1,-1,-1,1314572,7050972,3598896,1466940,7656984,3953268,-1,-1,-1,-1,-1,-1,-1,-1,-1,-1,-1,-1,-1,-1,-1
3,3,1000,false,2.0569587,false,-1,-5,10,0,0,0,false,3534336,8957088,5858580,0,615660,202797,2356224,8104032,4731930,13253760,28150848,19829040,1178112,6078024,3154620,0,435390,121675,-1,-1,-1,16199040,33269184,23794848,-1,-1,-1,-1,-1,-1,-1,-1,-1,-1,-1,-1,-1,-1,-1,-1,-1,-1
4,0,-2,false,0.8812675,false,-1,0,25,0,0,0,false,4027996,11337606,7142648,591456,3228064,1604616,9210320,21338208,14482688,0,4741824,1810336,986448,4149712,2246478,13159360,27659040,19551708,1494160,2344440,1902800,-1,-1,-1,-1,-1,-1,-1,-1,-1,0,4741824,1810336,-1,-1,-1,2631520,9483648,5431008,-1,-1,-1
4,1,1000,false,1.2485259,false,-1,-5,10,0,0,0,false,3157824,8298192,5348720,0,576440,185148,2105216,7507888,4320120,11841840,26080032,18103360,1052608,5630916,2880080,0,411860,111087,-1,-1,-1,0,4741824,1810336,-1,-1,-1,-1,-1,-1,-1,-1,-1,-1,-1,-1,-1,-1,-1,-1,-1,-1
4,2,0,false,2.2155418,false,-1,-4,24,0,0,0,false,6314368,15642890,10368382,493310,2963916,1448282,1315936,6569022,3456110,6578800,16596384,10862016,921032,5038188,2550928,0,576604,160459,-1,-1,-1,5263040,14225472,9051680,0,4741824,1810336,-1,-1,-1,-1,-1,-1,-1,-1,-1,-1,-1,-1,-1,-1,-1
4,3,0,false,2.9546652,false,-1,-1,7,0,0,0,false,3944640,12647424,7603288,328720,2371392,1086184,7894560,18967296,12672352,2631520,9483648,5431008,2415112,8819532,5101856,0,576604,160459,-1,-1,-1,739320,3458640,1810336,-1,-1,-1,394464,2766624,1283672,-1,-1,-1,-1,-1,-1,-1,-1,-1,-1,-1,-1
5,0,0,false,0.45277926,true,-1,1,19,0,0,0,false,696160,4882176,2257552,7267540,18340776,12040336,1380280,7345008,3762616,6229320,16302912,10535294,2088480,8136960,4515104,0,1011696,282194,-1,-1,-1,-1,-1,-1,-1,-1,-1,-1,-1,-1,-1,-1,-1,-1,-1,-1,-1,-1,-1,-1,-1,-1
5,1,0,true,1.1276501,false,-1,-1,4,0.26854178,0,0.60635877,false,-1,-1,-1,-1,-1,-1,-1,-1,-1,-1,-1,-1,-1,-1,-1,-1,-1,-1,-1,-1,-1,-1,-1,-1,-1,-1,-1,-1,-1,-1,-1,-1,-1,-1,-1,-1,-1,-1,-1,-1,-1,-15,2,0,false,0.06703107,true,-1,1,17,0,0,0,false,696160,4882176,2257552,3898496,11595168,7183120,8833792,19382660,13468455,0,4896672,1881308,735196,4029476,1988200,0,590156,166751,-1,-1,-1,-1,-1,-1,0,888732,279429,-1,-1,-1,-1,-1,-1,-1,-1,-1,-1,-1,-1,-1,-1,-1
5,3,1000,false,2.8312156,false,-1,-5,10,0,0,0,false,3312672,8569176,5558410,0,592570,192406,2208448,7753064,4489485,12422520,26931696,18813080,1104224,5814798,2992990,0,421540,115443,-1,-1,-1,4140840,12241680,7525232,-1,-1,-1,165744,1477280,668408,-1,-1,-1,-1,-1,-1,-1,-1,-1,-1,-1,-1
6,0,-1,false,0.37929615,true,-1,5,9,0,0,0,false,21132440,41653632,30351090,21132440,41653632,30351090,464208,3010728,1434784,12075680,26033520,18210654,1061532,4374090,2391324,66552,925932,358696,-1,-1,-1,-1,-1,-1,0,1928584,654725,394658,2892876,1309450,-1,-1,-1,-1,-1,-1,-1,-1,-1,-1,-1,-1
6,1,0,true,0.94188124,false,-1,1,3,0.86365294,0.036497116,0,false,-1,-1,-1,-1,-1,-1,-1,-1,-1,-1,-1,-1,-1,-1,-1,-1,-1,-1,-1,-1,-1,-1,-1,-1,-1,-1,-1,-1,-1,-1,-1,-1,-1,-1,-1,-1,-1,-1,-1,-1,-1,-16,2,1000,false,0.064228915,true,-1,0,16,0,0,0,false,-1,-1,-1,-1,-1,-1,-1,-1,-1,-1,-1,-1,-1,-1,-1,570790,3242844,1618738,1662003,2394337,2011670,-1,-1,-1,-1,-1,-1,-1,-1,-1,-1,-1,-1,-1,-1,-1,10053472,22260134,15460620,-1,-1,-1
6,3,1000,false,2.4084883,false,-1,-5,10,0,0,0,false,3622704,9111732,5978245,0,624870,206941,2415136,8243948,4828582,13585140,28636872,20234060,1207568,6182961,3219055,0,440920,124164,-1,-1,-1,3018920,10413408,6070218,-1,-1,-1,-1,-1,-1,-1,-1,-1,-1,-1,-1,-1,-1,-1,-1,-1,-1
6,4,-2,false,3.1355636,false,-1,-2,20,0,0,0,false,4830272,12365922,8047637,15094600,31240224,22257466,0,2603352,1011703,10566220,23430168,16187248,825636,4249116,2138395,0,617288,179348,-1,-1,-1,0,1928584,654725,1827904,6849272,3865155,-1,-1,-1,-1,-1,-1,-1,-1,-1,-1,-1,-1,-1,-1,-1
7,0,-1,false,0.34864596,true,-1,5,9,0,0,0,false,25159120,47175936,35096820,25159120,47175936,35096820,567744,3373104,1659112,14376640,29484960,21058092,1320336,4877320,2765152,92436,1016526,414778,-1,-1,-1,-1,-1,-1,-1,-1,-1,0,3092198,1153928,-1,-1,-1,-1,-1,-1,-1,-1,-1,-1,-1,-1
7,1,1000,false,0.6040182,false,-1,0,16,0,0,0,false,-1,-1,-1,-1,-1,-1,-1,-1,-1,-1,-1,-1,-1,-1,-1,685830,3656988,1871826,1798407,2561053,2163230,-1,-1,-1,-1,-1,-1,-1,-1,-1,-1,-1,-1,-1,-1,-1,15685164,32094348,22972320,-1,-1,-1
7,2,1000,false,2.1797268,false,-1,-5,10,0,0,0,false,4312992,10319736,6913010,0,696760,239292,2875328,9336904,5583585,16173720,32433456,23397880,1437664,7002678,3722390,0,484060,143577,-1,-1,-1,7188320,17690976,11698940,-1,-1,-1,208328,1771230,765738,-1,-1,-1,-1,-1,-1,-1,-1,-1,-1,-1,-1
7,3,0,false,2.8898585,false,-1,-4,24,0,0,0,false,8778624,19300770,13400572,685830,3656988,1871826,1777984,8215068,4466840,8985400,20639472,14038728,1257956,6265554,3296974,0,677684,207389,-1,-1,-1,7188320,17690976,11698940,0,5896992,2339788,-1,-1,-1,-1,-1,-1,-1,-1,-1,-1,-1,-1,-1,-1,-1
8,0,-2,false,1.2258078,false,-1,-2,20,0,0,0,false,6604736,15526686,10473662,20639800,39225312,28967158,0,3268776,1316689,14447860,29418984,21067024,1213800,5191800,2783025,0,733740,233415,-1,-1,-1,0,3409826,1298729,-1,-1,-1,-1,-1,-1,-1,-1,-1,-1,-1,-1,-1,-1,-1,-1,-1,-1
8,1,1000,false,2.9022677,false,-1,-5,10,0,0,0,false,4953552,11440716,7780435,0,763500,269325,3302368,10351124,6284197,18575820,35956536,26333780,1651184,7763343,4189465,0,524100,161595,-1,-1,-1,22703780,42494088,31600536,-1,-1,-1,-1,-1,-1,-1,-1,-1,-1,-1,-1,-1,-1,-1,-1,-1,-1
9,0,1116,false,0.39207664,true,-1,4,13,0,0,0,false,17070120,33748176,24493480,17070120,33748176,24493480,603612,3498642,1736826,11380080,24544128,17145436,1410048,5051760,2894736,0,698600,217100,-1,-1,-1,-1,-1,-1,-1,-1,-1,-1,-1,-1,-1,-1,-1,-1,-1,-1,-1,-1,-1,-1,-1,-1
9,1,1000,false,1.378521,false,-1,0,22,0,0,0,false,5160456,12843024,8455839,1810836,5831070,3473652,8708160,20269056,13716472,982944,5382738,2727690,2655352,8692712,5177031,11710200,25217136,17635464,1224158,1907490,1549324,-1,-1,-1,-1,-1,-1,-1,-1,-1,0,6136032,2449348,-1,-1,-1,-1,-1,-1,-1,-1,-1
9,2,-2,false,1.8613858,false,-1,-2,20,0,0,0,false,6069376,14573076,9741725,18966800,36816192,26942828,0,3068016,1224674,13276760,27612144,19594784,1096704,4907424,2588562,0,698600,217100,-1,-1,-1,0,2237312,792550,1161936,6020397,3119235,-1,-1,-1,-1,-1,-1,-1,-1,-1,-1,-1,-1,-1,-1,-1
9,3,0,false,2.4324994,false,-1,-4,24,0,0,0,false,9288704,20057920,14028210,725680,3800448,1959496,1873632,8555814,4676070,9483400,21476112,14696088,1327676,6519534,3451354,0,698600,217100,-1,-1,-1,1896680,9204048,4898696,5690040,15340080,9797392,-1,-1,-1,-1,-1,-1,-1,-1,-1,-1,-1,-1,-1,-1,-1
10,0,1116,false,0.39991015,true,-1,4,13,0,0,0,false,15178680,30974064,22181720,15178680,30974064,22181720,527952,3233832,1572896,10119120,22526592,15527204,1220868,4683910,2621476,0,654472,196612,-1,-1,-1,-1,-1,-1,-1,-1,-1,-1,-1,-1,-1,-1,-1,-1,-1,-1,-1,-1,-1,-1,-1,-1
10,1,0,false,0.720761,false,-1,1,19,0,0,0,false,879920,5543712,2661824,8982540,20986776,14196336,1686520,8447472,4436344,7699320,18654912,12421794,2639760,9239520,5323648,0,1121952,332728,-1,-1,-1,-1,-1,-1,-1,-1,-1,-1,-1,-1,-1,-1,-1,-1,-1,-1,-1,-1,-1,-1,-1,-1
10,2,0,false,1.0135171,false,-1,1,12,0,0,0,false,513288,2914830,1451898,10119120,22526592,15527204,11805640,25342416,17745376,-1,-1,-1,10119120,22526592,15527204,1514184,5921304,3281877,-1,-1,-1,-1,-1,-1,-1,-1,-1,-1,-1,-1,-1,-1,-1,-1,-1,-1,-1,-1,-1,-1,-1,-1
10,3,0,false,1.9255903,false,-1,-4,24,0,0,0,false,8212608,18460590,12704107,641610,3497796,1774542,1671856,7836987,4234685,8432600,19710768,13309032,1180564,5983626,3125606,0,654472,196612,-1,-1,-1,3373040,11263296,6654516,6746080,16894944,11090860,-1,-1,-1,-1,-1,-1,-1,-1,-1,-1,-1,-1,-1,-1,-1
11,0,-1,false,0.3882024,true,-1,5,9,0,0,0,false,31178560,55431168,42191160,31178560,55431168,42191160,722532,3914862,1994486,17816320,34644480,25314696,1707300,5629750,3324100,131136,1151976,498628,-1,-1,-1,-1,-1,-1,1021944,5405796,2774376,-1,-1,-1,-1,-1,-1,-1,-1,-1,-1,-1,-1,-1,-1,-1
11,1,1116,false,0.6561117,false,-1,4,13,0,0,0,false,20043360,38108928,28127440,20043360,38108928,28127440,722532,3914862,1994486,13362240,27715584,19689208,1707300,5629750,3324100,0,767984,249314,-1,-1,-1,-1,-1,-1,-1,-1,-1,-1,-1,-1,-1,-1,-1,-1,-1,-1,-1,-1,-1,-1,-1,-1
11,2,1000,false,0.9501672,false,-1,0,18,0,0,0,false,2890128,7829724,4986215,3010550,7829724,5062926,6743632,15939081,10739540,-1,-1,-1,2276400,7640375,4474750,15589280,31180032,22501952,2143890,3107070,2608980,-1,-1,-1,-1,-1,-1,-1,-1,-1,0,6928896,2812744,-1,-1,-1,0,6928896,2812744,-1,-1,-1
11,3,1000,false,1.7911175,false,-1,-5,10,0,0,0,false,5344896,12125568,8310380,0,804250,287662,3563264,10970752,6712230,20043360,38108928,28127440,1781632,8228064,4474820,0,548560,172602,-1,-1,-1,0,6928896,2812744,-1,-1,-1,-1,-1,-1,-1,-1,-1,-1,-1,-1,-1,-1,-1,-1,-1,-1
12,0,0,false,0.39220724,true,-1,1,19,0,0,0,true,1083340,6276024,3109348,10881220,23916168,16583248,2025560,9668016,5182232,9326760,21258816,14510342,3250020,10460040,6218696,0,1243992,388663,-1,-1,-1,-1,-1,-1,-1,-1,-1,-1,-1,-1,-1,-1,-1,-1,-1,-1,-1,-1,-1,-1,-1,-1
12,1,0,false,1.3847246,false,-1,-2,11,0,0,0,false,1083340,4184016,2332011,1083340,4184016,2332011,1790000,5880000,3498000,8950000,20580000,13992000,42284352,72824336,56180424,-1,-1,-1,-1,-1,-1,-1,-1,-1,-1,-1,-1,-1,-1,-1,-1,-1,-1,-1,-1,-1,-1,-1,-1,-1,-1,-1
12,2,0,true,1.8901361,false,-1,-2,5,0.28550443,0,0.7322456,false,-1,-1,-1,-1,-1,-1,-1,-1,-1,-1,-1,-1,-1,-1,-1,-1,-1,-1,-1,-1,-1,-1,-1,-1,-1,-1,-1,-1,-1,-1,-1,-1,-1,-1,-1,-1,-1,-1,-1,-1,-1,-112,3,1000,false,0.06455569,true,-1,-5,10,0,0,0,false,4861344,11279352,7655570,0,753900,265005,3240896,10205128,6183345,18230040,35449392,25911160,1620448,7653846,4122230,0,518330,158998,-1,-1,-1,0,6445344,2591116,-1,-1,-1,-1,-1,-1,-1,-1,-1,-1,-1,-1,-1,-1,-1,-1,-1,-1
12,4,0,false,4.2368264,false,-1,-4,24,0,0,0,false,9948544,21037370,14840122,777230,3986028,2072906,1997344,8996538,4946690,10127800,22558704,15546696,1417892,6848178,3651118,0,725662,229664,-1,-1,-1,22281160,41894736,31093392,16204480,32226720,23320044,-1,-1,-1,-1,-1,-1,-1,-1,-1,-1,-1,-1,-1,-1,-1
13,0,0,true,0.8488234,false,-1,-2,5,0.3201343,0,0.7153043,false,-1,-1,-1,-1,-1,-1,-1,-1,-1,-1,-1,-1,-1,-1,-1,-1,-1,-1,-1,-1,-1,-1,-1,-1,-1,-1,-1,-1,-1,-1,-1,-1,-1,-1,-1,-1,-1,-1,-1,-1,-1,-113,1,1000,false,0.06311599,true,-1,0,15,0,0,0,false,5467812,13340648,8852840,1853748,5914510,3535636,5467812,13340648,8852840,0,1689860,611937,786910,4020876,2094202,14338560,29277696,20942152,2214522,3102054,2641788,-1,-1,-1,-1,-1,-1,-1,-1,-1,0,7319424,2991736,-1,-1,-1,0,7319424,2991736,-1,-1,-1
13,2,0,false,1.6185185,false,-1,-2,11,0,0,0,false,1301860,4708464,2692569,1301860,4708464,2692569,2117760,6666624,4038804,10588800,23333184,16155216,49494984,83121337,64865958,-1,-1,-1,-1,-1,-1,9515430,21363958,14667240,0,6706064,2714964,-1,-1,-1,-1,-1,-1,-1,-1,-1,-1,-1,-1,-1,-1,-1
14,0,1000,false,0.97427106,false,-1,0,16,0,0,0,false,-1,-1,-1,-1,-1,-1,-1,-1,-1,-1,-1,-1,-1,-1,-1,1390280,6193008,3421616,2483766,3398714,2924740,-1,-1,-1,-1,-1,-1,-1,-1,-1,-1,-1,-1,-1,-1,-1,24485120,42513640,32680200,-1,-1,-1
14,1,1000,false,2.4698687,false,-1,-5,10,0,0,0,false,8539680,17716440,12636650,0,1137050,437422,5693120,16029160,10206525,32023800,55680240,42770200,2846560,12021870,6804350,0,748230,262453,-1,-1,-1,39140200,65803920,51324240,-1,-1,-1,-1,-1,-1,-1,-1,-1,-1,-1,-1,-1,-1,-1,-1,-1,-1
14,2,-2,false,3.2214234,false,-1,-2,20,0,0,0,false,11386240,24043740,17010875,35582000,60742080,47047220,0,5061840,2138510,24907400,45556560,34216160,2259740,7731940,4520032,0,1047522,379099,-1,-1,-1,0,3561992,1383925,2225920,9810840,5446700,-1,-1,-1,-1,-1,-1,-1,-1,-1,-1,-1,-1,-1,-1,-1
15,0,-1,false,0.4668284,true,-1,5,9,0,0,0,false,33879440,59135232,45374340,33879440,59135232,45374340,791988,4157958,2144974,19359680,36959520,27224604,1880964,5967430,3574948,148494,1212729,536237,-1,-1,-1,-1,-1,-1,-1,-1,-1,-1,-1,-1,-1,-1,-1,-1,-1,-1,-1,-1,-1,-1,-1,-1
15,1,0,false,1.1664959,false,-1,1,19,0,0,0,true,1319980,7127928,3629956,13089860,27323784,19359824,2419960,11087856,6049912,11219880,24287808,16939846,3959940,11879880,7259912,0,1385976,453739,-1,-1,-1,-1,-1,-1,-1,-1,-1,666400,2986000,1570050,-1,-1,-1,-1,-1,-1,-1,-1,-1,-1,-1,-1
15,2,1000,false,1.6329733,false,-1,0,18,0,0,0,false,3167952,8315916,5362435,3299950,8315916,5444934,7391888,16928829,11549860,-1,-1,-1,2507952,8098655,4812430,16939720,33263568,24199648,2236143,3208109,2705626,-1,-1,-1,-1,-1,-1,-1,-1,-1,0,7391904,3024956,-1,-1,-1,-1,-1,-1,-1,-1,-1
15,3,1000,false,2.236989,false,-1,-5,10,0,0,0,false,5807904,12935832,8937370,0,852490,309370,3871936,11703848,7218645,21779640,40655472,30249560,1935968,8777886,4812430,0,577490,185620,-1,-1,-1,7259880,18479760,12099824,-1,-1,-1,-1,-1,-1,-1,-1,-1,-1,-1,-1,-1,-1,-1,-1,-1,-1
15,4,-2,false,5.069169,false,-1,-2,20,0,0,0,false,7743872,17555772,12031075,24199600,44351424,33274516,0,3695952,1512478,16939720,33263568,24199648,1462972,5796932,3196828,0,808486,268118,-1,-1,-1,2711500,7327320,4668180,-1,-1,-1,-1,-1,-1,-1,-1,-1,-1,-1,-1,-1,-1,-1,-1,-1,-1
16,0,0,false,0.6930964,false,-1,1,17,0,0,0,false,1518740,7843464,4067228,8504944,18628227,12941180,17607936,32406780,24264765,0,8186976,3389364,1694868,6360108,3581941,0,878066,300423,-1,-1,-1,-1,-1,-1,341800,2044575,1006825,-1,-1,-1,-1,-1,-1,-1,-1,-1,-1,-1,-1,-1,-1,-1
16,1,-2,false,1.418811,false,-1,-2,20,0,0,0,false,8803968,19444068,13480425,27512400,49121856,37283004,0,4093488,1694682,19258680,36841392,27114912,1694868,6360108,3581941,0,878066,300423,-1,-1,-1,783596,4377912,2193400,-1,-1,-1,-1,-1,-1,-1,-1,-1,-1,-1,-1,-1,-1,-1,-1,-1,-1
16,2,1000,false,1.9012166,false,-1,-5,10,0,0,0,false,6602976,14327208,10014030,0,935310,346639,4401984,12962712,8088255,24761160,45028368,33893640,2200992,9722034,5392170,0,627190,207985,-1,-1,-1,24761160,45028368,33893640,-1,-1,-1,-1,-1,-1,-1,-1,-1,-1,-1,-1,-1,-1,-1,-1,-1,-1
17,0,-1,false,0.4155138,true,-1,5,9,0,0,0,false,41288520,69296256,54106470,41288520,69296256,54106470,982512,4824792,2557776,23593440,43310160,32463882,2357280,6893600,4262960,196128,1379448,639444,-1,-1,-1,-1,-1,-1,-1,-1,-1,-1,-1,-1,-1,-1,-1,-1,-1,-1,-1,-1,-1,-1,-1,-1
17,1,0,true,1.0380238,false,-1,1,21,0.90461445,0.18937,0,false,-1,-1,-1,-1,-1,-1,-1,-1,-1,-1,-1,-1,-1,-1,-1,-1,-1,-1,-1,-1,-1,-1,-1,-1,-1,-1,-1,-1,-1,-1,-1,-1,-1,-1,-1,-1,-1,-1,-1,-1,-1,-117,2,0,false,0.06591163,true,-1,2,6,0,0,0,false,1637520,5514048,3246408,14737680,30327264,21642720,-1,-1,-1,14745900,30317112,21642588,26542620,47641176,36070980,0,919632,319722,-1,-1,-1,-1,-1,-1,-1,-1,-1,-1,-1,-1,-1,-1,-1,-1,-1,-1,-1,-1,-1,-1,-1,-1
17,3,0,false,1.9717172,false,-1,-4,24,0,0,0,false,14677376,28056730,20658802,1146670,5316012,2885674,2884032,12155364,6886320,14745900,30317112,21642588,2064426,9203409,5082729,0,919632,319722,-1,-1,-1,29491800,51972192,39678078,0,8662032,3607098,-1,-1,-1,-1,-1,-1,-1,-1,-1,-1,-1,-1,-1,-1,-1
18,0,-1,false,0.36547503,true,-1,5,9,0,0,0,false,29310960,52869888,39990060,29310960,52869888,39990060,674508,3746778,1890434,16749120,33043680,23994036,1587240,5396300,3150680,119124,1109934,472602,-1,-1,-1,-1,-1,-1,2869734,8612795,5259274,0,3445118,1314818,-1,-1,-1,-1,-1,-1,-1,-1,-1,-1,-1,-1
18,1,1116,false,0.615707,false,-1,4,13,0,0,0,false,18842760,36348048,26660040,18842760,36348048,26660040,674508,3746778,1890434,12561840,26434944,18662028,1587240,5396300,3150680,0,739956,236301,-1,-1,-1,-1,-1,-1,-1,-1,-1,-1,-1,-1,-1,-1,-1,-1,-1,-1,-1,-1,-1,-1,-1,-1
18,2,1000,false,0.8944471,false,-1,0,15,0,0,0,false,4721556,12132424,7888926,1587240,5396300,3150680,4721556,12132424,7888926,0,1541800,545310,683270,3647772,1866194,12561840,26434944,18662028,2074782,2945874,2493828,-1,-1,-1,-1,-1,-1,-1,-1,-1,0,6608736,2666004,-1,-1,-1,-1,-1,-1,-1,-1,-1
19,0,-1,false,0.5193685,true,-1,5,9,0,0,0,false,59294760,93990528,75328110,59294760,93990528,75328110,1445520,6445320,3560960,33882720,58744080,45196866,3514824,9144380,5934968,311886,1784601,890253,-1,-1,-1,-1,-1,-1,-1,-1,-1,-1,-1,-1,-1,-1,-1,-1,-1,-1,-1,-1,-1,-1,-1,-1
19,1,0,true,1.3553637,false,-1,-2,5,0.39048862,0,0.87727106,false,-1,-1,-1,-1,-1,-1,-1,-1,-1,-1,-1,-1,-1,-1,-1,-1,-1,-1,-1,-1,-1,-1,-1,-1,-1,-1,-1,-1,-1,-1,-1,-1,-1,-1,-1,-1,-1,-1,-1,-1,-1,-119,2,0,false,0.06888299,true,-1,1,19,0,0,0,false,2409200,11049120,6026240,23255820,43008408,32139888,4235340,17623224,10043748,19933560,38229696,28122402,7227600,18415200,12052480,0,2039544,753291,-1,-1,-1,-1,-1,-1,-1,-1,-1,-1,-1,-1,-1,-1,-1,-1,-1,-1,-1,-1,-1,-1,-1,-1
19,3,0,false,2.5071707,false,-1,-1,7,0,0,0,false,14455200,29464320,21091840,1204600,5524560,3013120,25412040,46995264,35153118,8470680,23497632,15065622,9568132,19987002,14152616,0,1189734,445126,-1,-1,-1,-1,-1,-1,-1,-1,-1,-1,-1,-1,-1,-1,-1,-1,-1,-1,-1,-1,-1,-1,-1,-1
20,0,1116,false,0.52115804,true,-1,4,13,0,0,0,false,21911220,40848456,30410380,21911220,40848456,30410380,797256,4176396,2156388,14607480,29707968,21287266,1894140,5993050,3593980,0,811566,269548,-1,-1,-1,-1,-1,-1,-1,-1,-1,-1,-1,-1,-1,-1,-1,-1,-1,-1,-1,-1,-1,-1,-1,-1
20,1,0,false,1.321421,false,-1,1,12,0,0,0,false,752664,3812490,1990494,14607480,29707968,21287266,17042060,33421464,24328304,-1,-1,-1,14607480,29707968,21287266,2247280,7701680,4499340,-1,-1,-1,-1,-1,-1,0,1499200,526140,-1,-1,-1,-1,-1,-1,-1,-1,-1,-1,-1,-1,-1,-1,-1
20,2,1000,false,1.835726,false,-1,0,22,0,0,0,false,6741840,15403360,10498460,2391768,6960660,4312776,11289960,24399936,17029782,1284160,6455820,3386600,3408412,10521572,6427648,14937600,30639168,21895632,1388530,2097150,1726340,-1,-1,-1,-1,-1,-1,-1,-1,-1,0,7426992,3041038,-1,-1,-1,0,7426992,3041038,-1,-1,-1
20,3,-2,false,2.483205,false,-1,-2,20,0,0,0,false,7790656,17639106,12095037,24345800,44561952,33451418,0,3713496,1520519,17042060,33421464,24328304,1473220,5821820,3213847,0,811566,269548,-1,-1,-1,0,2102544,782166,1305120,6480432,3415764,-1,-1,-1,-1,-1,-1,2434580,11140488,6082076,-1,-1,-1,-1,-1,-1
21,0,0,false,0.69793695,false,-1,1,17,0,0,0,false,2825000,12546000,6941000,15820000,29796750,22085000,31541504,53089420,41409585,0,13412064,5784196,3218852,10061212,6112843,0,1335264,512694,-1,-1,-1,-1,-1,-1,-1,-1,-1,-1,-1,-1,-1,-1,-1,-1,-1,-1,-1,-1,-1,-1,-1,-1
21,1,0,false,1.007119,false,-1,1,12,0,0,0,false,1550664,6804990,3785994,29570160,53648256,40489372,34498520,60354288,46273568,-1,-1,-1,29570160,53648256,40489372,4691176,13636856,8557953,-1,-1,-1,-1,-1,-1,-1,-1,-1,-1,-1,-1,-1,-1,-1,-1,-1,-1,-1,-1,-1,-1,-1,-1
21,2,1000,false,1.4124203,false,-1,0,16,0,0,0,false,-1,-1,-1,-1,-1,-1,-1,-1,-1,-1,-1,-1,-1,-1,-1,1938330,8165988,4627326,2912607,3922853,3401230,-1,-1,-1,-1,-1,-1,-1,-1,-1,-1,-1,-1,-1,-1,-1,34136784,56058873,44196390,-1,-1,-1
21,3,0,false,1.8946187,false,-1,-1,7,0,0,0,false,16950000,33456000,24293500,1412500,6273000,3470500,29570160,53648256,40489372,9856720,26824128,17352588,11265982,22637727,16300916,0,1335264,512694,-1,-1,-1,-1,-1,-1,-1,-1,-1,-1,-1,-1,-1,-1,-1,-1,-1,-1,-1,-1,-1,-1,-1,-1
22,0,-1,false,0.42677227,true,-1,5,9,0,0,0,false,33623800,58784640,45073050,33623800,58784640,45073050,785412,4134942,2130726,19213600,36740400,27043830,1864512,5935440,3551184,146850,1206975,532675,-1,-1,-1,-1,-1,-1,-1,-1,-1,1348226,5279848,2916862,-1,-1,-1,-1,-1,-1,-1,-1,-1,-1,-1,-1
22,1,1000,false,1.4937057,false,-1,0,14,0,0,0,false,2175264,7207320,4234104,4581570,11715669,7621443,-1,-1,-1,-1,-1,-1,16698060,33202488,24038740,16811900,33066360,24038960,1166814,1807962,1470888,-1,-1,-1,-1,-1,-1,-1,-1,-1,0,3482016,1384695,-1,-1,-1,-1,-1,-1,-1,-1,-1
22,2,1000,false,1.9962039,false,-1,-5,10,0,0,0,false,5764080,12859140,8878025,0,847920,307314,3842720,11634460,7170712,21615300,40414440,30048700,1921360,8725845,4780475,0,574750,184387,-1,-1,-1,2401700,11022120,6009740,-1,-1,-1,-1,-1,-1,-1,-1,-1,-1,-1,-1,-1,-1,-1,-1,-1,-1
23,0,0,false,0.7264615,false,-1,1,17,0,0,0,false,2069320,9825552,5278504,11588192,23335686,16795240,23480832,41124360,31491180,0,10389312,4398768,2337188,7920028,4648651,0,1070762,389889,-1,-1,-1,-1,-1,-1,482912,2520828,1306688,-1,-1,-1,-1,-1,-1,1071015,5475330,2846625,-1,-1,-1,-1,-1,-1
23,1,0,false,1.0317872,false,-1,2,6,0,0,0,false,2069320,6550368,3958878,18623880,36027024,26392520,-1,-1,-1,18344400,36362592,26392608,33019920,57141216,43987680,0,1070762,389889,-1,-1,-1,-1,-1,-1,0,606760,198792,-1,-1,-1,-1,-1,-1,-1,-1,-1,-1,-1,-1,-1,-1,-1
23,2,0,false,1.9605811,false,-1,-1,7,0,0,0,false,12415920,26201472,18474764,1034660,4912776,2639252,22013280,41557248,30791376,7337760,20778624,13196304,8180158,17820063,12396404,0,1070762,389889,-1,-1,-1,-1,-1,-1,-1,-1,-1,-1,-1,-1,-1,-1,-1,-1,-1,-1,-1,-1,-1,-1,-1,-1
23,3,-2,false,2.5850224,false,-1,-2,20,0,0,0,false,11740416,24674616,17495100,36688800,62335872,48386448,0,5194656,2199384,25682160,46751904,35190144,2337188,7920028,4648651,0,1070762,389889,-1,-1,-1,0,3650220,1423312,-1,-1,-1,-1,-1,-1,-1,-1,-1,-1,-1,-1,-1,-1,-1,-1,-1,-1
23,4,1000,false,3.4175184,false,-1,-5,10,0,0,0,false,8805312,18181296,12996360,0,1164710,449869,5870208,16449744,10497060,33019920,57141216,43987680,2935104,12337308,6998040,0,764830,269923,-1,-1,-1,25682160,46751904,35190144,-1,-1,-1,-1,-1,-1,-1,-1,-1,-1,-1,-1,-1,-1,-1,-1,-1,-1
24,0,1116,false,0.38611948,true,-1,4,13,0,0,0,false,30026520,52750896,40329080,30026520,52750896,40329080,1121856,5312496,2859688,20017680,38364288,28230356,2705616,7570920,4766112,0,1000930,357467,-1,-1,-1,-1,-1,-1,-1,-1,-1,-1,-1,-1,-1,-1,-1,-1,-1,-1,-1,-1,-1,-1,-1,-1
24,1,0,true,0.95045847,false,-1,1,21,0.9976717,0.19403087,0,false,-1,-1,-1,-1,-1,-1,-1,-1,-1,-1,-1,-1,-1,-1,-1,-1,-1,-1,-1,-1,-1,-1,-1,-1,-1,-1,-1,-1,-1,-1,-1,-1,-1,-1,-1,-1,-1,-1,-1,-1,-1,-124,2,0,false,0.064658724,true,-1,1,17,0,0,0,false,1869760,9107136,4839472,10470656,21629448,15398320,21352192,37964660,28871955,0,9591072,4032908,2104368,7354608,4262004,0,1000930,357467,-1,-1,-1,-1,-1,-1,1295280,3913650,2395980,-1,-1,-1,-1,-1,-1,-1,-1,-1,-1,-1,-1,-1,-1,-1
25,0,-1,false,0.43195388,true,-1,5,9,0,0,0,false,51552480,83372544,66203280,51552480,83372544,66203280,1246440,5748540,3129620,29458560,52107840,39721968,3017088,8176560,5216016,262104,1610364,782392,-1,-1,-1,-1,-1,-1,-1,-1,-1,-1,-1,-1,-1,-1,-1,-1,-1,-1,-1,-1,-1,-1,-1,-1
25,1,0,false,0.76208967,false,-1,1,19,0,0,0,false,2077400,9854640,5296280,20158880,38230272,28246592,3682320,15632352,8827104,17279040,33982464,24715768,6232200,16424400,10592560,0,1840416,662024,-1,-1,-1,-1,-1,-1,-1,-1,-1,-1,-1,-1,-1,-1,-1,-1,-1,-1,-1,-1,-1,-1,-1,-1
25,2,1000,false,1.5184087,false,-1,0,14,0,0,0,false,3519936,9928680,6219096,7270900,16287530,11194410,-1,-1,-1,-1,-1,-1,25918560,46725888,35308240,25776240,46897056,35308416,1452572,2145676,1782624,-1,-1,-1,0,1685196,655537,-1,-1,-1,0,4866848,2033835,-1,-1,-1,-1,-1,-1,-1,-1,-1
25,3,-2,false,2.7630835,false,-1,-2,20,0,0,0,false,11783424,24751224,17553900,36823200,62529408,48549072,0,5210784,2206776,25776240,46897056,35308416,2346624,7942944,4664322,0,1073576,391196,-1,-1,-1,2150456,7321888,4284300,-1,-1,-1,-1,-1,-1,-1,-1,-1,-1,-1,-1,-1,-1,-1,-1,-1,-1
26,0,1116,false,0.45275658,true,-1,4,13,0,0,0,false,52571340,85816632,67883860,52571340,85816632,67883860,2023656,8468796,4813588,35047560,62412096,47518702,4960152,11954740,8022664,0,1526966,601698,-1,-1,-1,-1,-1,-1,-1,-1,-1,-1,-1,-1,-1,-1,-1,-1,-1,-1,-1,-1,-1,-1,-1,-1
26,1,0,false,0.7728993,false,-1,2,6,0,0,0,false,3372760,9678624,6109554,30354840,53232432,40730360,-1,-1,-1,29206300,54610584,40730316,52571340,85816632,67883860,0,1526966,601698,-1,-1,-1,-1,-1,-1,-1,-1,-1,-1,-1,-1,-1,-1,-1,-1,-1,-1,-1,-1,-1,-1,-1,-1
26,2,0,false,1.146975,false,-1,1,17,0,0,0,false,3372760,14517936,8146072,18887456,34480098,25919320,37384064,61761970,48598672,0,15603024,6788386,3857896,11613176,7174113,0,1526966,601698,-1,-1,-1,-1,-1,-1,816968,3648267,2016557,-1,-1,-1,-1,-1,-1,-1,-1,-1,-1,-1,-1,-1,-1,-1
27,0,1116,false,0.4985611,true,-1,4,13,0,0,0,false,37541340,63772632,49513860,37541340,63772632,49513860,1422456,6364596,3510988,25027560,46380096,34659702,3457152,9032240,5851664,0,1176266,438873,-1,-1,-1,-1,-1,-1,-1,-1,-1,-1,-1,-1,-1,-1,-1,-1,-1,-1,-1,-1,-1,-1,-1,-1
27,1,-1,false,0.8630673,false,-1,5,9,0,0,0,false,58397640,92760192,74270790,58397640,92760192,74270790,1422456,6364596,3510988,33370080,57975120,44562474,3457152,9032240,5851664,306114,1764399,877747,-1,-1,-1,-1,-1,-1,-1,-1,-1,-1,-1,-1,-1,-1,-1,-1,-1,-1,-1,-1,-1,-1,-1,-1
27,2,0,true,1.7109286,false,-1,1,21,1.0007671,0.19886181,0,false,-1,-1,-1,-1,-1,-1,-1,-1,-1,-1,-1,-1,-1,-1,-1,-1,-1,-1,-1,-1,-1,-1,-1,-1,-1,-1,-1,-1,-1,-1,-1,-1,-1,-1,-1,-1,-1,-1,-1,-1,-1,-127,3,1000,false,0.06878532,true,-1,0,16,0,0,0,false,-1,-1,-1,-1,-1,-1,-1,-1,-1,-1,-1,-1,-1,-1,-1,1635500,7075800,3961100,2683683,3643057,3146870,-1,-1,-1,-1,-1,-1,-1,-1,-1,-1,-1,-1,-1,-1,-1,25084950,43297020,33368940,-1,-1,-1
28,0,0,true,1.4085249,false,-1,1,3,1.050376,0.042095292,0,false,-1,-1,-1,-1,-1,-1,-1,-1,-1,-1,-1,-1,-1,-1,-1,-1,-1,-1,-1,-1,-1,-1,-1,-1,-1,-1,-1,-1,-1,-1,-1,-1,-1,-1,-1,-1,-1,-1,-1,-1,-1,-128,1,0,false,0.06478532,true,-1,0.08,23,0,0,0,false,29756160,52746624,40178424,771560,3965616,2060432,-1,-1,-1,1407980,6812070,3629170,-1,-1,-1,504420,3151470,1521910,-1,-1,-1,-1,-1,-1,-1,-1,-1,-1,-1,-1,700686,3164788,1662810,10489094,22345531,15737646,-1,-1,-1,-1,-1,-1
28,2,1000,false,2.4550087,false,-1,-5,10,0,0,0,false,4827360,11219880,7609550,0,750350,263407,3218240,10151320,6146175,18102600,35262480,25755400,1609120,7613490,4097450,0,516210,158044,-1,-1,-1,0,6411360,2575540,-1,-1,-1,448680,2171190,1143837,-1,-1,-1,-1,-1,-1,-1,-1,-1,-1,-1,-1
29,0,0,true,7.546124,false,-1,-2,5,0.44121665,0,1.0873811,false,-1,-1,-1,-1,-1,-1,-1,-1,-1,-1,-1,-1,-1,-1,-1,-1,-1,-1,-1,-1,-1,-1,-1,-1,-1,-1,-1,-1,-1,-1,-1,-1,-1,-1,-1,-1,-1,-1,-1,-1,-1,-129,1,1116,false,0.103531994,true,-1,4,13,0,0,0,false,60874920,97995216,78032680,60874920,97995216,78032680,2355804,9631314,5533242,40583280,71269248,54622876,5790528,13569360,9222096,0,1720726,691658,-1,-1,-1,-1,-1,-1,-1,-1,-1,-1,-1,-1,-1,-1,-1,-1,-1,-1,-1,-1,-1,-1,-1,-1
30,0,0,true,0.9649757,false,-1,2,2,1.2986764,0.054401726,0,false,-1,-1,-1,-1,-1,-1,-1,-1,-1,-1,-1,-1,-1,-1,-1,-1,-1,-1,-1,-1,-1,-1,-1,-1,-1,-1,-1,-1,-1,-1,-1,-1,-1,-1,-1,-1,-1,-1,-1,-1,-1,-130,1,0,false,0.06477703,true,-1,2,6,0,0,0,false,4480600,12337440,7937490,40325400,67855920,52916600,-1,-1,-1,38438500,70120680,52916820,69189300,110189640,88194700,0,1914710,781722,-1,-1,-1,-1,-1,-1,-1,-1,-1,-1,-1,-1,-1,-1,-1,-1,-1,-1,-1,-1,-1,-1,-1,-1
30,2,0,false,1.8386908,false,-1,-1,7,0,0,0,false,26883600,49349760,37041620,2240300,9253080,5291660,46126200,80137920,61736290,15375400,40068960,26458410,18026316,33192126,24854808,0,1914710,781722,-1,-1,-1,0,3070998,1309943,-1,-1,-1,-1,-1,-1,-1,-1,-1,-1,-1,-1,-1,-1,-1,-1,-1,-1
31,0,1116,false,0.42427057,true,-1,4,13,0,0,0,false,29429100,51874680,39598900,29429100,51874680,39598900,1097964,5228874,2807922,19619400,37727040,27719230,2645928,7454860,4679896,0,986986,350993,-1,-1,-1,-1,-1,-1,-1,-1,-1,-1,-1,-1,-1,-1,-1,-1,-1,-1,-1,-1,-1,-1,-1,-1
31,1,0,false,0.7478658,false,-1,1,12,0,0,0,false,1019968,4814880,2591928,19619400,37727040,27719230,22889300,42442920,31679120,-1,-1,-1,19619400,37727040,27719230,3065888,9689728,5858814,-1,-1,-1,-1,-1,-1,-1,-1,-1,-1,-1,-1,-1,-1,-1,-1,-1,-1,-1,-1,-1,-1,-1,-1
31,2,0,true,2.0437884,false,-1,-2,5,0.36999956,0,0.74088913,false,-1,-1,-1,-1,-1,-1,-1,-1,-1,-1,-1,-1,-1,-1,-1,-1,-1,-1,-1,-1,-1,-1,-1,-1,-1,-1,-1,-1,-1,-1,-1,-1,-1,-1,-1,-1,-1,-1,-1,-1,-1,-131,3,0,false,0.06591968,true,-1,-4,24,0,0,0,false,16319488,30494240,22679370,1274960,5777856,3167912,3191904,13252158,7559790,16349500,33011160,23759340,2288930,10021245,5579845,0,986986,350993,-1,-1,-1,6539800,18863520,11879670,13079600,28295280,19799450,-1,-1,-1,-1,-1,-1,946055,4998210,2562625,-1,-1,-1,-1,-1,-1
31,4,1000,false,4.589066,false,-1,-5,10,0,0,0,false,7847760,16505580,11699675,0,1064980,404991,5231840,14933620,9449737,29429100,51874680,39598900,2615920,11200215,6299825,0,704990,242995,-1,-1,-1,9809700,23579400,15839560,-1,-1,-1,-1,-1,-1,-1,-1,-1,-1,-1,-1,-1,-1,-1,-1,-1,-1
32,0,1116,false,1.2484616,false,-1,4,13,0,0,0,false,26368380,47385624,35858020,26368380,47385624,35858020,975528,4800348,2542644,17578920,34462272,25100614,2339856,6859720,4237792,0,915558,317830,-1,-1,-1,-1,-1,-1,-1,-1,-1,-1,-1,-1,-1,-1,-1,-1,-1,-1,-1,-1,-1,-1,-1,-1
32,1,0,true,2.492097,false,-1,-2,5,0.37106085,0,0.80964196,false,-1,-1,-1,-1,-1,-1,-1,-1,-1,-1,-1,-1,-1,-1,-1,-1,-1,-1,-1,-1,-1,-1,-1,-1,-1,-1,-1,-1,-1,-1,-1,-1,-1,-1,-1,-1,-1,-1,-1,-1,-1,-132,2,0,false,0.07351661,true,-1,2,6,0,0,0,false,1625880,5486112,3227202,14632920,30173616,21514680,-1,-1,-1,14649100,30154488,21514812,26368380,47385624,35858020,0,915558,317830,-1,-1,-1,-1,-1,-1,-1,-1,-1,-1,-1,-1,-1,-1,-1,-1,-1,-1,-1,-1,-1,-1,-1,-1
33,0,-1,false,0.40369928,true,-1,5,9,0,0,0,false,39016320,66180096,51428520,39016320,66180096,51428520,924072,4620252,2431156,22295040,41362560,30857112,2211192,6609540,4051944,181518,1328313,607789,-1,-1,-1,-1,-1,-1,0,2947028,1109387,0,2947028,1109387,-1,-1,-1,-1,-1,-1,-1,-1,-1,-1,-1,-1
33,1,0,false,0.7329319,false,-1,1,17,0,0,0,false,1540120,7920432,4114264,8624672,18811026,13090840,17836032,32745360,24545430,0,8272512,3428568,1719816,6420696,3623373,0,885542,303894,-1,-1,-1,-1,-1,-1,-1,-1,-1,-1,-1,-1,-1,-1,-1,-1,-1,-1,-1,-1,-1,-1,-1,-1
33,2,1000,false,1.4443253,false,-1,0,8,0,0,0,false,5544432,12320672,8509046,462036,2310126,1215578,15247188,31461716,22441440,-1,-1,-1,2948256,8970090,5454540,25081920,45498816,34285680,2403051,3390913,2880482,-1,-1,-1,-1,-1,-1,-1,-1,-1,2786880,12408768,6857136,-1,-1,-1,-1,-1,-1,-1,-1,-1
34,0,1116,false,0.883323,true,-1,4,13,0,0,0,false,21530340,40289832,29944860,21530340,40289832,29944860,782016,4123056,2123368,14353560,29301696,20961402,1856052,5918990,3538964,0,802676,265421,-1,-1,-1,-1,-1,-1,-1,-1,-1,-1,-1,-1,-1,-1,-1,-1,-1,-1,-1,-1,-1,-1,-1,-1
34,1,-1,false,3.0741394,false,-1,5,9,0,0,0,false,33491640,58603392,44917290,33491640,58603392,44917290,782016,4123056,2123368,19138080,36627120,26950374,1856052,5918990,3538964,146004,1204014,530842,-1,-1,-1,-1,-1,-1,-1,-1,-1,-1,-1,-1,-1,-1,-1,-1,-1,-1,-1,-1,-1,-1,-1,-1
34,2,0,true,4.1751485,false,-1,1,3,1.1214674,0.045627054,0,false,-1,-1,-1,-1,-1,-1,-1,-1,-1,-1,-1,-1,-1,-1,-1,-1,-1,-1,-1,-1,-1,-1,-1,-1,-1,-1,-1,-1,-1,-1,-1,-1,-1,-1,-1,-1,-1,-1,-1,-1,-1,-134,3,1000,false,0.076642185,true,-1,0,14,0,0,0,false,2165394,7187345,4219534,4561760,11681992,7595124,-1,-1,-1,-1,-1,-1,16630200,33102960,23955800,16745820,32964408,23955888,1164482,1805206,1468344,-1,-1,-1,-1,-1,-1,-1,-1,-1,433008,2676696,1292240,-1,-1,-1,-1,-1,-1,-1,-1,-1
34,4,0,false,7.2623525,false,-1,-1,7,0,0,0,false,7820160,18848256,12576872,651680,3534048,1796696,14353560,29301696,20961402,4784520,14650848,8983458,5052586,12937221,8439068,0,802676,265421,-1,-1,-1,329160,1780488,906345,-1,-1,-1,-1,-1,-1,-1,-1,-1,-1,-1,-1,-1,-1,-1,-1,-1,-1
35,0,1116,false,1.597384,false,-1,4,13,0,0,0,false,53042400,86507520,68459600,53042400,86507520,68459600,2042508,8534778,4854434,35361600,62914560,47921720,5007276,12046370,8090732,0,1537956,606801,-1,-1,-1,-1,-1,-1,-1,-1,-1,-1,-1,-1,-1,-1,-1,-1,-1,-1,-1,-1,-1,-1,-1,-1
35,1,-1,false,2.2585824,false,-1,5,9,0,0,0,false,82510400,125829120,102689400,82510400,125829120,102689400,2042508,8534778,4854434,47148800,78643200,61613640,5007276,12046370,8090732,461124,2306934,1213602,-1,-1,-1,-1,-1,-1,-1,-1,-1,-1,-1,-1,-1,-1,-1,-1,-1,-1,-1,-1,-1,-1,-1,-1
35,2,1000,false,4.3188977,false,-1,0,16,0,0,0,false,-1,-1,-1,-1,-1,-1,-1,-1,-1,-1,-1,-1,-1,-1,-1,2324440,9555984,5476768,3181734,4251786,3700260,-1,-1,-1,-1,-1,-1,-1,-1,-1,-1,-1,-1,-1,-1,-1,22545204,37091054,29218332,-1,-1,-1
35,3,0,false,5.694287,false,-1,-4,24,0,0,0,false,29752832,50434360,39208680,2324440,9555984,5476768,5710672,22225269,13069595,29468000,55050240,41075760,4125520,16711680,9646580,0,1537956,606801,-1,-1,-1,29468000,55050240,41075760,5893600,23592960,13691920,-1,-1,-1,-1,-1,-1,-1,-1,-1,-1,-1,-1,-1,-1,-1
36,0,-1,false,0.96154344,true,-1,5,9,0,0,0,false,38160360,65006208,50419710,38160360,65006208,50419710,902064,4543224,2383472,21805920,40628880,30251826,2156148,6502510,3972436,176016,1309056,595868,-1,-1,-1,-1,-1,-1,-1,-1,-1,-1,-1,-1,-1,-1,-1,-1,-1,-1,-1,-1,-1,-1,-1,-1
36,1,0,true,2.3994577,false,-1,-1,4,0.31453267,0,0.7578882,false,-1,-1,-1,-1,-1,-1,-1,-1,-1,-1,-1,-1,-1,-1,-1,-1,-1,-1,-1,-1,-1,-1,-1,-1,-1,-1,-1,-1,-1,-1,-1,-1,-1,-1,-1,-1,-1,-1,-1,-1,-1,-136,2,0,false,0.078759894,true,-1,1,19,0,0,0,false,1503440,7788384,4033568,14802060,29965464,21512304,2725740,12188664,6722628,12687480,26635968,18823266,4510320,12980640,8067136,0,1496064,504196,-1,-1,-1,-1,-1,-1,-1,-1,-1,-1,-1,-1,-1,-1,-1,-1,-1,-1,-1,-1,-1,-1,-1,-1
36,3,0,false,4.6408024,false,-1,0.08,23,0,0,0,false,40042560,67147584,52436384,1057290,4994244,2689038,-1,-1,-1,1908018,8633637,4736397,-1,-1,-1,718716,3901506,1986218,-1,-1,-1,-1,-1,-1,-1,-1,-1,-1,-1,-1,-1,-1,-1,6916800,14957280,10478160,-1,-1,-1,-1,-1,-1
37,0,0,true,2.2897472,false,-1,1,21,1.2849711,0.2314861,0,false,-1,-1,-1,-1,-1,-1,-1,-1,-1,-1,-1,-1,-1,-1,-1,-1,-1,-1,-1,-1,-1,-1,-1,-1,-1,-1,-1,-1,-1,-1,-1,-1,-1,-1,-1,-1,-1,-1,-1,-1,-1,-137,1,0,false,0.07774443,true,-1,1,12,0,0,0,false,2006032,8512620,4810572,38108160,67309056,51446472,44459520,75722688,58795968,-1,-1,-1,38108160,67309056,51446472,6085744,17023664,10873932,-1,-1,-1,-1,-1,-1,-1,-1,-1,0,1666140,666315,-1,-1,-1,-1,-1,-1,-1,-1,-1,-1,-1,-1
37,2,0,false,4.385306,false,-1,1,17,0,0,0,false,3678820,15619752,8819404,20601392,37096911,28061740,40648704,66607920,52615710,0,16827264,7349496,4214952,12480312,7767081,0,1634080,651430,-1,-1,-1,-1,-1,-1,321960,1753056,889812,-1,-1,-1,-1,-1,-1,-1,-1,-1,-1,-1,-1,-1,-1,-1
37,3,0,false,5.7881017,false,-1,-4,24,0,0,0,false,32096512,53913260,42092505,2507540,10215144,5879588,6150112,23790774,14030870,31756800,58895424,44096976,4445952,17878968,10356108,0,1634080,651430,-1,-1,-1,6351360,25240896,14698992,50810880,84136320,66145464,-1,-1,-1,-1,-1,-1,889440,3892860,2170560,-1,-1,-1,-1,-1,-1
37,4,1000,false,9.933903,false,-1,-5,10,0,0,0,false,15243264,29447712,21714420,0,1835340,751653,10162176,26643168,17538570,57162240,92549952,73494960,5081088,19982376,11692380,0,1167200,450990,-1,-1,-1,0,16827264,7349496,-1,-1,-1,-1,-1,-1,-1,-1,-1,-1,-1,-1,-1,-1,-1,-1,-1,-1
38,0,1116,false,0.87371695,true,-1,4,13,0,0,0,false,70193340,111662232,89421860,70193340,111662232,89421860,2728536,10935876,6340828,46795560,81208896,62595302,6722352,15381240,10568064,0,1938146,792603,-1,-1,-1,-1,-1,-1,-1,-1,-1,-1,-1,-1,-1,-1,-1,-1,-1,-1,-1,-1,-1,-1,-1,-1
38,1,-1,false,1.5863671,false,-1,5,9,0,0,0,false,109189640,162417792,134132790,109189640,162417792,134132790,2728536,10935876,6340828,62394080,101511120,80479674,6722352,15381240,10568064,632634,2907219,1585207,-1,-1,-1,-1,-1,-1,-1,-1,-1,1110800,4639950,2640950,-1,-1,-1,-1,-1,-1,-1,-1,-1,-1,-1,-1
38,2,0,true,2.238249,false,-1,-2,5,0.48637563,0,0.99043715,false,-1,-1,-1,-1,-1,-1,-1,-1,-1,-1,-1,-1,-1,-1,-1,-1,-1,-1,-1,-1,-1,-1,-1,-1,-1,-1,-1,-1,-1,-1,-1,-1,-1,-1,-1,-1,-1,-1,-1,-1,-1,-138,3,0,false,0.07707337,true,-1,-1,7,0,0,0,false,27285360,49992576,37557212,2273780,9373608,5365316,46795560,81208896,62595302,15598520,40604448,26826558,18299736,33618996,25200768,0,1938146,792603,-1,-1,-1,-1,-1,-1,-1,-1,-1,-1,-1,-1,-1,-1,-1,-1,-1,-1,-1,-1,-1,-1,-1,-1
38,4,-2,false,4.2664843,false,-1,-2,20,0,0,0,false,24957632,48217782,35565512,77992600,121813344,98364046,0,10151112,4471093,54594820,91360008,71537488,5228496,14941776,9450288,0,1938146,792603,-1,-1,-1,0,3093300,1320475,-1,-1,-1,-1,-1,-1,-1,-1,-1,-1,-1,-1,-1,-1,-1,-1,-1,-1
38,5,0,false,5.5857987,false,-1,-2,11,0,0,0,false,4547560,12498144,8047974,4547560,12498144,8047974,6986340,18351216,12071961,34931700,64229256,48287844,156603480,236075515,193883010,-1,-1,-1,-1,-1,-1,-1,-1,-1,-1,-1,-1,-1,-1,-1,-1,-1,-1,-1,-1,-1,-1,-1,-1,-1,-1,-1
39,0,0,false,0.9998544,true,-1,2,6,0,0,0,false,2710260,8088624,5016429,24392340,44487432,33442860,-1,-1,-1,23685600,45335808,33442992,42634080,71241984,55738320,0,1295098,494045,-1,-1,-1,-1,-1,-1,-1,-1,-1,-1,-1,-1,-1,-1,-1,-1,-1,-1,-1,-1,-1,-1,-1,-1
39,1,1116,false,1.72905,false,-1,4,13,0,0,0,false,42634080,71241984,55738320,42634080,71241984,55738320,1626156,7077546,3952338,28422720,51812352,39016824,3966408,10022460,6587256,0,1295098,494045,-1,-1,-1,-1,-1,-1,-1,-1,-1,-1,-1,-1,-1,-1,-1,-1,-1,-1,-1,-1,-1,-1,-1,-1
39,2,-1,false,2.4916894,false,-1,5,9,0,0,0,false,66319680,103624704,83607480,66319680,103624704,83607480,1626156,7077546,3952338,37896960,64765440,50164488,3966408,10022460,6587256,357042,1942647,988091,-1,-1,-1,-1,-1,-1,-1,-1,-1,-1,-1,-1,-1,-1,-1,-1,-1,-1,-1,-1,-1,-1,-1,-1
39,3,0,false,3.4594874,false,-1,1,19,0,0,0,false,2710260,12132936,6688572,26065900,47343960,35672560,4737120,19429632,11147664,22342200,42083520,31213490,8130780,20221560,13377144,0,2220168,836077,-1,-1,-1,-1,-1,-1,-1,-1,-1,-1,-1,-1,-1,-1,-1,0,4731804,1982409,-1,-1,-1,-1,-1,-1
39,4,0,false,6.1860704,false,-1,0.08,23,0,0,0,false,69006720,107697408,86952008,1861850,7890660,4459070,-1,-1,-1,3315984,13762656,7854036,-1,-1,-1,1322136,6013476,3293628,-1,-1,-1,-1,-1,-1,-1,-1,-1,-1,-1,-1,0,1319416,505336,12664520,23108592,17375424,-1,-1,-1,-1,-1,-1
39,5,0,false,8.150916,false,-1,-1,7,0,0,0,false,16261560,32354496,23410002,1355130,6066468,3344286,28422720,51812352,39016824,9474240,25906176,16721496,10797444,21906234,15708072,0,1295098,494045,-1,-1,-1,-1,-1,-1,-1,-1,-1,0,1319416,505336,-1,-1,-1,-1,-1,-1,-1,-1,-1,-1,-1,-1
40,0,0,false,1.7346212,false,-1,1,17,0,0,0,false,808780,5287608,2505316,4529168,12558069,7971460,10035072,21165810,14946592,0,5347152,2087778,866600,4348600,2206425,0,629580,185055,-1,-1,-1,-1,-1,-1,32395,710622,252769,-1,-1,-1,-1,-1,-1,-1,-1,-1,-1,-1,-1,-1,-1,-1
40,1,0,false,2.4923127,false,-1,1,19,0,0,0,false,808780,5287608,2505316,8318660,19962504,13361744,1567980,8020728,4175556,7130280,17744448,11691526,2426340,8812680,5010632,0,1079280,313170,-1,-1,-1,-1,-1,-1,151440,1277360,567840,-1,-1,-1,-1,-1,-1,-1,-1,-1,-1,-1,-1,-1,-1,-1
40,2,0,true,4.7556105,false,-1,-2,5,0.28440133,0,0.66366225,false,-1,-1,-1,-1,-1,-1,-1,-1,-1,-1,-1,-1,-1,-1,-1,-1,-1,-1,-1,-1,-1,-1,-1,-1,-1,-1,-1,-1,-1,-1,-1,-1,-1,-1,-1,-1,-1,-1,-1,-1,-1,-140,3,0,false,0.079146266,true,-1,1,12,0,0,0,false,475352,2772570,1366542,9407880,21388608,14614446,10975860,24062184,16702224,-1,-1,-1,9407880,21388608,14614446,1398012,5639172,3088948,-1,-1,-1,-1,-1,-1,-1,-1,-1,-1,-1,-1,-1,-1,-1,-1,-1,-1,-1,-1,-1,-1,-1,-1
40,4,-2,false,10.699886,false,-1,-2,20,0,0,0,false,5017536,12699486,8303662,15679800,32082912,22965558,0,2673576,1043889,10975860,24062184,16702224,866600,4348600,2206425,0,629580,185055,-1,-1,-1,0,949860,308295,-1,-1,-1,-1,-1,-1,-1,-1,-1,-1,-1,-1,-1,-1,-1,-1,-1,-1
41,0,0,false,0.75199515,true,-1,1,12,0,0,0,false,1694152,7343070,4108842,32260320,57952512,43941744,37637040,65196576,50219136,-1,-1,-1,32260320,57952512,43941744,5130580,14703980,9287677,-1,-1,-1,-1,-1,-1,0,5255628,2225613,-1,-1,-1,-1,-1,-1,0,3820032,1569348,-1,-1,-1,-1,-1,-1
41,1,0,true,2.6662717,false,-1,1,21,1.160157,0.19550757,0,false,-1,-1,-1,-1,-1,-1,-1,-1,-1,-1,-1,-1,-1,-1,-1,-1,-1,-1,-1,-1,-1,-1,-1,-1,-1,-1,-1,-1,-1,-1,-1,-1,-1,-1,-1,-1,-1,-1,-1,-1,-1,-141,2,0,false,0.07454789,true,-1,1,19,0,0,0,false,3094020,13514472,7532844,29647660,52870104,40175344,5376720,21732192,12554784,25412280,46995648,35153426,9282060,22524120,15065688,0,2450424,941611,-1,-1,-1,-1,-1,-1,0,5255628,2225613,-1,-1,-1,-1,-1,-1,0,12025288,5136040,-1,-1,-1,-1,-1,-1
41,3,0,false,0.123180375,true,-1,1,17,0,0,0,false,3094020,13514472,7532844,17326512,32096871,23968140,34411008,57348840,44940420,0,14488128,6277392,3532704,10823424,6634062,0,1429414,556406,-1,-1,-1,-1,-1,-1,1261680,5730048,3138696,-1,-1,-1,-1,-1,-1,-1,-1,-1,-1,-1,-1,-1,-1,-1
41,4,0,false,6.320963,false,-1,-2,11,0,0,0,false,3094020,9009648,5649633,3094020,9009648,5649633,4806040,13118496,8474466,24030200,45914736,33897864,108636528,167577254,136104636,-1,-1,-1,-1,-1,-1,11138472,21022512,15579291,-1,-1,-1,-1,-1,-1,-1,-1,-1,-1,-1,-1,-1,-1,-1,-1,-1,-1
42,0,-1,false,1.4620336,false,-1,5,9,0,0,0,false,59848040,94749312,75980190,59848040,94749312,75980190,1459752,6495132,3591796,34198880,59218320,45588114,3550392,9213540,5986344,315438,1797033,897949,-1,-1,-1,-1,-1,-1,-1,-1,-1,8101520,18122340,12490675,-1,-1,-1,-1,-1,-1,-1,-1,-1,-1,-1,-1
42,1,1116,false,2.0962725,false,-1,4,13,0,0,0,false,38473740,65140152,50653460,38473740,65140152,50653460,1459752,6495132,3591796,25649160,47374656,35457422,3550392,9213540,5986344,0,1198022,448974,-1,-1,-1,-1,-1,-1,-1,-1,-1,-1,-1,-1,-1,-1,-1,-1,-1,-1,-1,-1,-1,-1,-1,-1
42,2,1000,false,3.96032,false,-1,0,18,0,0,0,false,5839008,12990264,8979490,6082300,12990264,9117636,13624352,26444466,19340440,-1,-1,-1,4733856,12504090,8058540,29924020,53296488,40522768,2995524,4039812,3501168,-1,-1,-1,-1,-1,-1,-1,-1,-1,0,11843664,5065346,-1,-1,-1,-1,-1,-1,-1,-1,-1
42,3,0,false,5.229377,false,-1,-4,24,0,0,0,false,21464832,38131860,29010555,1676940,7224984,4052268,4156656,16689087,9670185,21374300,41452824,30392076,2992402,12583893,7137533,0,1198022,448974,-1,-1,-1,0,11843664,5065346,0,11843664,5065346,-1,-1,-1,-1,-1,-1,2025380,9061170,4996270,-1,-1,-1,-1,-1,-1
43,0,0,false,2.3603382,false,-1,1,17,0,0,0,false,665660,4772376,2190452,3727696,11334393,6969620,8508288,18899490,13067932,0,4774608,1825362,699580,3942980,1929052,0,579474,161791,-1,-1,-1,-1,-1,-1,-1,-1,-1,-1,-1,-1,-1,-1,-1,-1,-1,-1,-1,-1,-1,-1,-1,-1
43,1,0,false,4.4889016,false,-1,1,12,0,0,0,false,399008,2486280,1194768,7976520,19098432,12777534,9305940,21485736,14602896,-1,-1,-1,7976520,19098432,12777534,1164212,5071372,2700673,-1,-1,-1,-1,-1,-1,-1,-1,-1,-1,-1,-1,-1,-1,-1,-1,-1,-1,-1,-1,-1,-1,-1,-1
43,2,0,false,5.892036,false,-1,-4,24,0,0,0,false,6384128,15746440,10454220,498760,2983536,1460272,1329024,6615648,3484740,6647100,16711128,10952172,930594,5073021,2572101,0,579474,161791,-1,-1,-1,3988260,11936520,7301448,2658840,9549216,5476086,-1,-1,-1,-1,-1,-1,-1,-1,-1,-1,-1,-1,-1,-1,-1
43,3,1000,false,7.780056,false,-1,-5,10,0,0,0,false,3190608,8355564,5393115,0,579850,186682,2127072,7559796,4355977,11964780,26260344,18253620,1063536,5669847,2903985,0,413910,112009,-1,-1,-1,9305940,21485736,14602896,-1,-1,-1,-1,-1,-1,-1,-1,-1,-1,-1,-1,-1,-1,-1,-1,-1,-1
43,4,0,false,10.168389,false,-1,-1,7,0,0,0,false,3993960,12726336,7666582,332830,2386188,1095226,7976520,19098432,12777534,2658840,9549216,5476086,2448530,8871705,5144140,0,579474,161791,-1,-1,-1,-1,-1,-1,-1,-1,-1,-1,-1,-1,-1,-1,-1,-1,-1,-1,-1,-1,-1,-1,-1,-1
44,0,1116,false,1.0296967,true,-1,4,13,0,0,0,false,46347300,76688040,60276700,46347300,76688040,60276700,1774692,7597422,4274166,30898200,55773120,42193690,4337712,10744440,7123584,0,1381730,534267,-1,-1,-1,-1,-1,-1,-1,-1,-1,-1,-1,-1,-1,-1,-1,-1,-1,-1,-1,-1,-1,-1,-1,-1
44,1,-1,false,1.8549404,false,-1,5,9,0,0,0,false,72095800,111546240,90415050,72095800,111546240,90415050,1774692,7597422,4274166,41197600,69716400,54249030,4337712,10744440,7123584,394170,2072595,1068535,-1,-1,-1,-1,-1,-1,-1,-1,-1,-1,-1,-1,-1,-1,-1,-1,-1,-1,-1,-1,-1,-1,-1,-1
44,2,0,false,2.620689,false,-1,1,19,0,0,0,false,2957820,13024152,7233204,28376180,50908392,38576912,5149700,20914920,12055340,24322440,45251904,33754798,8873460,21706920,14466408,0,2368680,904145,-1,-1,-1,-1,-1,-1,-1,-1,-1,-1,-1,-1,-1,-1,-1,-1,-1,-1,-1,-1,-1,-1,-1,-1
44,3,0,false,3.6941779,false,-1,-1,7,0,0,0,false,17746920,34731072,25316214,1478910,6512076,3616602,30898200,55773120,42193690,10299400,27886560,18083010,11808216,23484276,16987008,0,1381730,534267,-1,-1,-1,-1,-1,-1,-1,-1,-1,0,1408022,546474,-1,-1,-1,-1,-1,-1,-1,-1,-1,-1,-1,-1
44,4,0,false,5.013875,false,-1,2,6,0,0,0,false,2957820,8682768,5424903,26620380,47755224,36166020,-1,-1,-1,25748500,48801480,36166020,46347300,76688040,60276700,0,1381730,534267,-1,-1,-1,-1,-1,-1,-1,-1,-1,-1,-1,-1,-1,-1,-1,-1,-1,-1,-1,-1,-1,-1,-1,-1
44,5,-2,false,6.5714583,false,-1,-2,20,0,0,0,false,16479040,33115290,23973687,51497000,83659680,66304370,0,6971640,3013835,36047900,62744760,48221360,3373776,10437456,6370128,0,1381730,534267,-1,-1,-1,0,2181906,890094,-1,-1,-1,-1,-1,-1,-1,-1,-1,-1,-1,-1,-1,-1,-1,-1,-1,-1
45,0,-1,false,0.84033203,true,-1,5,9,0,0,0,false,74002880,114161664,92662680,74002880,114161664,92662680,1823736,7769076,4380428,42287360,71351040,55597608,4460364,10982930,7300748,406434,2115519,1095107,-1,-1,-1,-1,-1,-1,-1,-1,-1,-1,-1,-1,-1,-1,-1,-1,-1,-1,-1,-1,-1,-1,-1,-1
45,1,1116,false,1.4795088,false,-1,4,13,0,0,0,true,47573280,78486144,61775120,47573280,78486144,61775120,1823736,7769076,4380428,31715520,57080832,43242584,4460364,10982930,7300748,0,1410346,547553,-1,-1,-1,-1,-1,-1,-1,-1,-1,-1,-1,-1,-1,-1,-1,-1,-1,-1,-1,-1,-1,-1,-1,-1
45,2,0,false,2.1296184,false,-1,-2,11,0,0,0,false,3039560,8878944,5559774,3039560,8878944,5559774,4724320,12922368,8339628,23621600,45228288,33358512,106839216,165010638,133939692,-1,-1,-1,-1,-1,-1,1253952,3593240,2240264,-1,-1,-1,-1,-1,-1,-1,-1,-1,-1,-1,-1,-1,-1,-1,-1,-1,-1
45,3,0,false,2.9522614,false,-1,2,6,0,0,0,false,3039560,8878944,5559774,27356040,48834192,37065160,-1,-1,-1,26429600,49945728,37065072,47573280,78486144,61775120,0,1410346,547553,-1,-1,-1,-1,-1,-1,-1,-1,-1,-1,-1,-1,-1,-1,-1,-1,-1,-1,-1,-1,-1,-1,-1,-1
46,0,-1,false,1.0322443,true,-1,5,9,0,0,0,true,130734240,191964672,159524640,130734240,191964672,159524640,3282540,12874890,7541170,74705280,119977920,95714784,8107344,18074280,12568608,771138,3391983,1885299,-1,-1,-1,-1,-1,-1,0,3622644,1570443,-1,-1,-1,-1,-1,-1,-1,-1,-1,-1,-1,-1,-1,-1,-1
46,1,1116,false,1.7667913,false,-1,4,13,0,0,0,false,84043440,131975712,106349760,84043440,131975712,106349760,3282540,12874890,7541170,56028960,95982336,74444832,8107344,18074280,12568608,0,2261322,942649,-1,-1,-1,-1,-1,-1,-1,-1,-1,-1,-1,-1,-1,-1,-1,-1,-1,-1,-1,-1,-1,-1,-1,-1
46,2,0,false,2.5353663,false,-1,1,17,0,0,0,false,5470900,22071240,12761980,30637040,52419195,40606300,59764224,94982520,76136760,0,23995584,10634976,6305712,17557872,11239236,0,2261322,942649,-1,-1,-1,-1,-1,-1,2011060,4807908,3218957,-1,-1,-1,-1,-1,-1,-1,-1,-1,-1,-1,-1,-1,-1,-1
46,3,0,false,3.5536966,false,-1,1,12,0,0,0,false,2961816,12096810,6961086,56028960,95982336,74444832,65367120,107980128,85079808,-1,-1,-1,56028960,95982336,74444832,9012808,24132248,15734949,-1,-1,-1,-1,-1,-1,-1,-1,-1,-1,-1,-1,-1,-1,-1,-1,-1,-1,-1,-1,-1,-1,-1,-1
46,4,0,false,4.833839,false,-1,1,19,0,0,0,false,5470900,22071240,12761980,51831780,87097032,68063952,9338160,35993376,21269952,44427240,77419584,59555958,16412700,36785400,25523960,0,3876552,1595253,-1,-1,-1,-1,-1,-1,-1,-1,-1,-1,-1,-1,-1,-1,-1,-1,-1,-1,-1,-1,-1,-1,-1,-1
47,0,0,false,3.4622722,false,-1,2,6,0,0,0,false,4999920,13583808,8794368,44999280,74710944,58629120,-1,-1,-1,42766000,77390880,58629120,76978800,121614240,97715200,0,2096486,866118,-1,-1,-1,-1,-1,-1,-1,-1,-1,-1,-1,-1,-1,-1,-1,-1,-1,-1,-1,-1,-1,-1,-1,-1
47,1,0,false,4.674197,false,-1,1,17,0,0,0,false,4999920,20375712,11725824,27999552,48392316,37309440,54740480,87525400,69955200,0,22111680,9771520,5756240,16223440,10326720,0,2096486,866118,-1,-1,-1,-1,-1,-1,-1,-1,-1,-1,-1,-1,-1,-1,-1,-1,-1,-1,-1,-1,-1,-1,-1,-1
47,2,0,false,6.1464953,false,-1,-1,7,0,0,0,false,29999520,54335232,41040384,2499960,10187856,5862912,51319200,88446720,68400640,17106400,44223360,29314560,20146840,36502740,27537920,0,2096486,866118,-1,-1,-1,-1,-1,-1,-1,-1,-1,0,2139102,885904,-1,-1,-1,-1,-1,-1,-1,-1,-1,-1,-1,-1
47,3,0,true,8.102977,false,-1,1,3,1.5906601,0.05854105,0,false,-1,-1,-1,-1,-1,-1,-1,-1,-1,-1,-1,-1,-1,-1,-1,-1,-1,-1,-1,-1,-1,-1,-1,-1,-1,-1,-1,-1,-1,-1,-1,-1,-1,-1,-1,-1,-1,-1,-1,-1,-1,-147,4,1000,false,0.0795433,true,-1,-5,10,0,0,0,false,20527680,38695440,28870400,0,2385800,999360,13685120,35010160,23318400,76978800,121614240,97715200,6842560,26257620,15545600,0,1497490,599620,-1,-1,-1,25659600,55279200,39086080,-1,-1,-1,-1,-1,-1,-1,-1,-1,-1,-1,-1,-1,-1,-1,-1,-1,-1
48,0,1116,false,2.0525746,false,-1,4,13,0,0,0,false,87957180,137715864,111133220,87957180,137715864,111133220,3439092,13422822,7880366,58638120,100156992,77793254,8498700,18835250,13133900,0,2352630,985042,-1,-1,-1,-1,-1,-1,-1,-1,-1,-1,-1,-1,-1,-1,-1,-1,-1,-1,-1,-1,-1,-1,-1,-1
48,1,-1,false,2.9370031,false,-1,5,9,0,0,0,false,136822280,200313984,166699830,136822280,200313984,166699830,3439092,13422822,7880366,78184160,125196240,100019898,8498700,18835250,13133900,810270,3528945,1970085,-1,-1,-1,-1,-1,-1,-1,-1,-1,-1,-1,-1,-1,-1,-1,-1,-1,-1,-1,-1,-1,-1,-1,-1
48,2,0,false,4.1118026,false,-1,1,12,0,0,0,false,3100968,12618630,7274178,58638120,100156992,77793254,68411140,112676616,88906576,-1,-1,-1,58638120,100156992,77793254,9438968,25167208,16442679,-1,-1,-1,-1,-1,-1,-1,-1,-1,11161380,29163312,19233027,-1,-1,-1,-1,-1,-1,-1,-1,-1,-1,-1,-1
48,3,0,true,5.5687804,false,-1,-2,5,0.47312072,0,1.1223855,false,-1,-1,-1,-1,-1,-1,-1,-1,-1,-1,-1,-1,-1,-1,-1,-1,-1,-1,-1,-1,-1,-1,-1,-1,-1,-1,-1,-1,-1,-1,-1,-1,-1,-1,-1,-1,-1,-1,-1,-1,-1,-148,4,0,false,0.08273623,true,-1,2,6,0,0,0,false,5731820,15340368,10002003,51586380,84372024,66680020,-1,-1,-1,48865100,87637368,66679932,87957180,137715864,111133220,0,2352630,985042,-1,-1,-1,-1,-1,-1,-1,-1,-1,-1,-1,-1,-1,-1,-1,-1,-1,-1,-1,-1,-1,-1,-1,-1
48,5,0,false,9.680004,false,-1,-1,7,0,0,0,false,34390920,61361472,46676014,2865910,11505276,6668002,58638120,100156992,77793254,19546040,50078496,33339966,23135350,41168475,31319300,0,2352630,985042,-1,-1,-1,0,11360416,4908438,-1,-1,-1,-1,-1,-1,-1,-1,-1,-1,-1,-1,-1,-1,-1,-1,-1,-1
49,0,0,true,2.7791374,false,-1,1,3,1.48379,0.06803962,0,false,-1,-1,-1,-1,-1,-1,-1,-1,-1,-1,-1,-1,-1,-1,-1,-1,-1,-1,-1,-1,-1,-1,-1,-1,-1,-1,-1,-1,-1,-1,-1,-1,-1,-1,-1,-1,-1,-1,-1,-1,-1,-149,1,1116,false,0.08146432,true,-1,4,13,0,0,0,false,93516660,145869768,117928140,93516660,145869768,117928140,3661464,14201124,8362172,62344440,106087104,82549698,9054648,19916260,13936936,0,2482354,1045271,-1,-1,-1,-1,-1,-1,-1,-1,-1,-1,-1,-1,-1,-1,-1,-1,-1,-1,-1,-1,-1,-1,-1,-1
49,2,0,false,5.236184,false,-1,1,17,0,0,0,false,6102440,24344784,14151368,34173664,57818862,45027080,66500736,104982030,84425827,0,26521776,11792814,7042504,19347224,12462837,0,2482354,1045271,-1,-1,-1,-1,-1,-1,0,1755564,713883,-1,-1,-1,-1,-1,-1,-1,-1,-1,-1,-1,-1,-1,-1,-1
49,3,0,false,6.8751645,false,-1,-1,7,0,0,0,false,36614640,64919424,49529788,3051220,12172392,7075684,62344440,106087104,82549698,20781480,53043552,35378442,24648764,43531254,33234232,0,2482354,1045271,-1,-1,-1,-1,-1,-1,-1,-1,-1,-1,-1,-1,-1,-1,-1,-1,-1,-1,-1,-1,-1,-1,-1,-1
49,4,0,true,9.091312,false,-1,2,2,1.6798275,0.060433645,0,false,-1,-1,-1,-1,-1,-1,-1,-1,-1,-1,-1,-1,-1,-1,-1,-1,-1,-1,-1,-1,-1,-1,-1,-1,-1,-1,-1,-1,-1,-1,-1,-1,-1,-1,-1,-1,-1,-1,-1,-1,-1,-149,5,0,false,0.081053734,true,-1,-4,24,0,0,0,false,52778240,84612700,67540725,4123300,16031880,9434260,10027920,37605465,22513575,51953700,92826216,70756884,7273518,28179387,16617147,0,2482354,1045271,-1,-1,-1,103907400,159130656,129720954,0,26521776,11792814,-1,-1,-1,-1,-1,-1,7534920,13946499,10448523,-1,-1,-1,-1,-1,-1
50,0,-1,false,3.2500532,false,-1,5,9,0,0,0,false,85050280,129312384,105682830,85050280,129312384,105682830,2107800,8763300,4995900,48600160,80820240,63409698,5170500,12363750,8326500,477450,2364075,1248975,-1,-1,-1,-1,-1,-1,-1,-1,-1,-1,-1,-1,-1,-1,-1,0,13744060,5917300,-1,-1,-1,-1,-1,-1
50,1,1116,false,4.5099697,false,-1,4,13,0,0,0,false,54675180,88902264,70455220,54675180,88902264,70455220,2107800,8763300,4995900,36450120,64656192,49318654,5170500,12363750,8326500,0,1576050,624487,-1,-1,-1,-1,-1,-1,-1,-1,-1,-1,-1,-1,-1,-1,-1,-1,-1,-1,-1,-1,-1,-1,-1,-1
50,2,1000,false,8.032098,false,-1,0,8,0,0,0,false,12646800,23368800,17485650,1053900,4381650,2497950,34778700,59673900,46116000,-1,-1,-1,6894000,16779375,11208750,54675180,88902264,70455220,3594990,4696370,4129180,-1,-1,-1,-1,-1,-1,-1,-1,-1,0,16164048,7045522,-1,-1,-1,-1,-1,-1,-1,-1,-1
50,3,0,false,10.6419735,false,-1,-4,24,0,0,0,false,30681600,51813000,40351500,2397000,9817200,5636400,5884800,22845600,13450500,30375100,56574168,42273132,4252514,17174301,9927781,0,1576050,624487,-1,-1,-1,48600160,80820240,63409698,54675180,88902264,70455220,-1,-1,-1,-1,-1,-1,0,12184116,5198362,-1,-1,-1,-1,-1,-1
50,4,1000,false,13.836329,false,-1,-5,10,0,0,0,false,14580048,28287084,20816315,0,1766250,720562,9720032,25593076,16813177,54675180,88902264,70455220,4860016,19194807,11208785,0,1125750,432337,-1,-1,-1,30375100,56574168,42273132,-1,-1,-1,1785564,7617636,4291776,-1,-1,-1,0,5078424,2145888,-1,-1,-1,-1,-1,-1
51,0,-1,false,1.1644765,true,-1,5,9,0,0,0,false,136984960,200537088,166891560,136984960,200537088,166891560,3443268,13437438,7889414,78277120,125335680,100134936,8509176,18855620,13149032,811320,3532620,1972360,-1,-1,-1,-1,-1,-1,21193407,47098485,32836332,-1,-1,-1,-1,-1,-1,-1,-1,-1,-1,-1,-1,-1,-1,-1
51,1,0,false,4.0739403,false,-1,1,19,0,0,0,false,5738780,23035608,13351316,54332040,90954576,71207136,9784640,37600704,22252208,46570320,80848512,62306244,17216340,38392680,26702632,0,4037280,1668920,-1,-1,-1,-1,-1,-1,-1,-1,-1,-1,-1,-1,-1,-1,-1,-1,-1,-1,-1,-1,-1,-1,-1,-1
51,2,0,false,5.5340977,false,-1,1,17,0,0,0,false,5738780,23035608,13351316,32137168,54709569,42481460,62621696,99224080,79652790,0,25067136,11126104,6618248,18316888,11758269,0,2355080,986180,-1,-1,-1,-1,-1,-1,12573678,28432160,19656316,-1,-1,-1,-1,-1,-1,-1,-1,-1,-1,-1,-1,-1,-1,-1
51,3,0,false,7.2796946,false,-1,-1,7,0,0,0,false,34432680,61428288,46729606,2869390,11517804,6675658,58707840,100268544,77882728,19569280,50134272,33378312,23163868,41212998,31355384,0,2355080,986180,-1,-1,-1,4191226,17059296,9828158,-1,-1,-1,-1,-1,-1,-1,-1,-1,-1,-1,-1,-1,-1,-1,-1,-1,-1
51,4,-2,false,9.600192,false,-1,-2,20,0,0,0,false,31310848,59534448,44251550,97846400,150402816,122387144,0,12533568,5563052,68492480,112802112,89008832,6618248,18316888,11758269,0,2355080,986180,-1,-1,-1,0,18839394,8209083,0,23438288,10353588,-1,-1,-1,-1,-1,-1,0,25067136,11126104,-1,-1,-1,-1,-1,-1
52,0,-1,false,0.9872351,true,-1,5,9,0,0,0,false,23495080,44893824,33135630,23495080,44893824,33135630,524964,3223374,1566422,13425760,28058640,19881378,1213416,4669420,2610712,81744,979104,391612,-1,-1,-1,-1,-1,-1,0,987786,326204,175016,1481679,652409,-1,-1,-1,-1,-1,-1,-1,-1,-1,-1,-1,-1
52,1,1116,false,2.458516,false,-1,4,13,0,0,0,false,15103980,30864504,22090420,15103980,30864504,22090420,524964,3223374,1566422,10069320,22446912,15463294,1213416,4669420,2610712,0,652736,195806,-1,-1,-1,-1,-1,-1,-1,-1,-1,-1,-1,-1,-1,-1,-1,-1,-1,-1,-1,-1,-1,-1,-1,-1
52,2,0,false,4.668788,false,-1,-1,7,0,0,0,false,5249640,14735424,9278038,437470,2762892,1325434,10069320,22446912,15463294,3356440,11223456,6627126,3303188,10206018,6225544,0,652736,195806,-1,-1,-1,-1,-1,-1,-1,-1,-1,-1,-1,-1,-1,-1,-1,-1,-1,-1,-1,-1,-1,-1,-1,-1
52,3,-2,false,8.132599,false,-1,-2,20,0,0,0,false,5370304,13327854,8785962,16782200,33670368,24299462,0,2805864,1104521,11747540,25252776,17672336,943768,4536008,2334579,0,652736,195806,-1,-1,-1,0,987786,326204,-1,-1,-1,-1,-1,-1,-1,-1,-1,-1,-1,-1,-1,-1,-1,-1,-1,-1
53,0,0,false,2.7849422,false,-1,1,17,0,0,0,false,5169120,20984832,12098064,28947072,49838976,38493840,56545280,90204400,72175950,0,22788480,10081720,5953640,16702840,10654545,0,2155692,893607,-1,-1,-1,-1,-1,-1,-1,-1,-1,-1,-1,-1,-1,-1,-1,-1,-1,-1,-1,-1,-1,-1,-1,-1
53,1,0,true,5.2727356,false,-1,2,2,1.4746469,0.05866754,0,false,-1,-1,-1,-1,-1,-1,-1,-1,-1,-1,-1,-1,-1,-1,-1,-1,-1,-1,-1,-1,-1,-1,-1,-1,-1,-1,-1,-1,-1,-1,-1,-1,-1,-1,-1,-1,-1,-1,-1,-1,-1,-153,2,0,false,0.08071703,true,-1,1,12,0,0,0,false,2800864,11493240,6598944,53011200,91153920,70572040,61846400,102548160,80653760,-1,-1,-1,53011200,91153920,70572040,8519896,22935176,14916363,-1,-1,-1,-1,-1,-1,-1,-1,-1,-1,-1,-1,-1,-1,-1,-1,-1,-1,-1,-1,-1,-1,-1,-1
53,3,-2,false,11.944095,false,-1,-2,20,0,0,0,false,28272640,54122640,40097750,88352000,136730880,110898920,0,11394240,5040860,61846400,102548160,80653760,5953640,16702840,10654545,0,2155692,893607,-1,-1,-1,6345840,12073698,8932446,-1,-1,-1,-1,-1,-1,-1,-1,-1,-1,-1,-1,-1,-1,-1,-1,-1,-1
54,0,-1,false,1.7320192,false,-1,5,9,0,0,0,false,137487560,201226368,167483910,137487560,201226368,167483910,3456192,13482672,7917416,78564320,125766480,100490346,8541468,18918410,13195676,814548,3543918,1979354,-1,-1,-1,-1,-1,-1,-1,-1,-1,-1,-1,-1,-1,-1,-1,-1,-1,-1,-1,-1,-1,-1,-1,-1
54,1,1116,false,2.4658277,false,-1,4,13,0,0,0,false,88384860,138343128,111655940,88384860,138343128,111655940,3456192,13482672,7917416,58923240,100613184,78159158,8541468,18918410,13195676,0,2362612,989677,-1,-1,-1,-1,-1,-1,-1,-1,-1,-1,-1,-1,-1,-1,-1,-1,-1,-1,-1,-1,-1,-1,-1,-1
54,2,0,false,3.4132533,false,-1,1,19,0,0,0,false,5760320,23113152,13398704,54532940,91264536,71459696,9820540,37729944,22331188,46742520,81124032,62527234,17280960,38521920,26797408,0,4050192,1674838,-1,-1,-1,-1,-1,-1,-1,-1,-1,-1,-1,-1,-1,-1,-1,-1,-1,-1,-1,-1,-1,-1,-1,-1
54,3,0,false,4.6544766,false,-1,0.08,23,0,0,0,false,142207920,210179088,174183438,3895210,15210756,8932462,-1,-1,-1,6874378,26725377,15733337,-1,-1,-1,2847156,11351046,6597838,-1,-1,-1,-1,-1,-1,-1,-1,-1,-1,-1,-1,-1,-1,-1,27190350,43708860,34806420,-1,-1,-1,-1,-1,-1
54,4,0,false,6.1287704,false,-1,-2,11,0,0,0,false,5760320,15408768,10049028,5760320,15408768,10049028,8805480,22717152,15073542,44027400,79510032,60294168,196624560,293226830,242090220,-1,-1,-1,-1,-1,-1,-1,-1,-1,-1,-1,-1,-1,-1,-1,-1,-1,-1,-1,-1,-1,-1,-1,-1,-1,-1,-1
55,0,0,true,2.452659,false,-1,-2,5,0.4599252,0,1.0085571,false,-1,-1,-1,-1,-1,-1,-1,-1,-1,-1,-1,-1,-1,-1,-1,-1,-1,-1,-1,-1,-1,-1,-1,-1,-1,-1,-1,-1,-1,-1,-1,-1,-1,-1,-1,-1,-1,-1,-1,-1,-1,-155,1,-1,false,0.07869088,true,-1,5,9,0,0,0,false,126978040,186813312,155097690,126978040,186813312,155097690,3185940,12536790,7331870,72558880,116758320,93058614,7865856,17604720,12219792,746988,3307458,1832974,-1,-1,-1,-1,-1,-1,-1,-1,-1,-1,-1,-1,-1,-1,-1,-1,-1,-1,-1,-1,-1,-1,-1,-1
55,2,0,true,4.6921115,false,-1,-1,4,0.4382559,0,1.0978091,false,-1,-1,-1,-1,-1,-1,-1,-1,-1,-1,-1,-1,-1,-1,-1,-1,-1,-1,-1,-1,-1,-1,-1,-1,-1,-1,-1,-1,-1,-1,-1,-1,-1,-1,-1,-1,-1,-1,-1,-1,-1,-155,3,0,false,0.0787933,true,-1,1,19,0,0,0,false,5309900,21491640,12407780,50329160,84778704,66174944,9069860,35027496,20679692,43139280,75358848,57903076,15929700,35819400,24815560,0,3779952,1550978,-1,-1,-1,-1,-1,-1,-1,-1,-1,-1,-1,-1,-1,-1,-1,-1,-1,-1,-1,-1,-1,-1,-1,-1
55,4,-2,false,8.132978,false,-1,-2,20,0,0,0,false,29023552,55460202,41124387,90698600,140109984,113738306,0,11675832,5169923,63489020,105082488,82718768,6117888,17101728,10927314,0,2204972,916487,-1,-1,-1,1305048,5295537,3053727,-1,-1,-1,-1,-1,-1,-1,-1,-1,-1,-1,-1,-1,-1,-1,-1,-1,-1
55,5,0,false,10.576843,false,-1,-4,24,0,0,0,false,46015232,74573860,59219055,3594940,14129784,8271868,8759856,33087987,19739685,45349300,81730824,62039076,6348902,24811143,14569783,0,2204972,916487,-1,-1,-1,18139720,46703328,31019538,36279440,70054992,51699230,-1,-1,-1,-1,-1,-1,-1,-1,-1,-1,-1,-1,-1,-1,-1
56,0,-1,false,1.7666519,false,-1,5,9,0,0,0,false,153585880,223304064,186456930,153585880,223304064,186456930,3870144,14931504,8814312,87763360,139565040,111874158,9576396,20930770,14690572,918042,3906147,2203591,-1,-1,-1,-1,-1,-1,0,4184118,1835583,-1,-1,-1,-1,-1,-1,-1,-1,-1,-1,-1,-1,-1,-1,-1
56,1,0,false,3.5583081,false,-1,1,17,0,0,0,true,6450240,25596864,14916528,36121344,60792552,47461680,70210688,110488990,88990807,0,27913008,12430462,7448308,20332748,13136761,0,2604098,1101795,-1,-1,-1,-1,-1,-1,0,1839780,752482,-1,-1,-1,-1,-1,-1,-1,-1,-1,-1,-1,-1,-1,-1,-1
56,2,0,false,4.7944984,false,-1,1,12,0,0,0,false,3484128,14055480,8136288,65822520,111652032,87013234,76792940,125608536,99443696,-1,-1,-1,65822520,111652032,87013234,10612420,28017020,18391447,-1,-1,-1,-1,-1,-1,-1,-1,-1,-1,-1,-1,-1,-1,-1,-1,-1,-1,-1,-1,-1,-1,-1,-1
56,3,0,false,6.3069735,false,-1,-2,11,0,0,0,false,6450240,17064576,11187396,6450240,17064576,11187396,9840380,25200912,16781127,49201900,88203192,67124508,219392184,325739687,269514858,-1,-1,-1,-1,-1,-1,-1,-1,-1,-1,-1,-1,-1,-1,-1,-1,-1,-1,-1,-1,-1,-1,-1,-1,-1,-1,-1
56,4,0,true,8.354072,false,-1,1,3,1.6784451,0.06428852,0,false,-1,-1,-1,-1,-1,-1,-1,-1,-1,-1,-1,-1,-1,-1,-1,-1,-1,-1,-1,-1,-1,-1,-1,-1,-1,-1,-1,-1,-1,-1,-1,-1,-1,-1,-1,-1,-1,-1,-1,-1,-1,-156,5,1000,false,0.07936029,true,-1,-5,10,0,0,0,false,26329008,48847764,36726365,0,2990110,1271299,17552672,44195596,29663602,98733780,153521544,124304620,8776336,33146697,19775735,0,1860070,762781,-1,-1,-1,98733780,153521544,124304620,-1,-1,-1,-1,-1,-1,-1,-1,-1,-1,-1,-1,-1,-1,-1,-1,-1,-1
57,0,-1,false,1.9193269,false,-1,5,9,0,0,0,false,44031120,73057536,57338820,44031120,73057536,57338820,1053036,5071626,2710578,25160640,45660960,34403292,2533572,7236390,4517604,213756,1441146,677638,-1,-1,-1,-1,-1,-1,-1,-1,-1,-1,-1,-1,-1,-1,-1,-1,-1,-1,-1,-1,-1,-1,-1,-1
57,1,0,true,2.7163334,false,-1,-1,4,0.3314992,0,0.8212134,false,-1,-1,-1,-1,-1,-1,-1,-1,-1,-1,-1,-1,-1,-1,-1,-1,-1,-1,-1,-1,-1,-1,-1,-1,-1,-1,-1,-1,-1,-1,-1,-1,-1,-1,-1,-1,-1,-1,-1,-1,-1,-157,2,0,false,0.08052197,true,-1,1,19,0,0,0,false,1755060,8694216,4587132,17150420,33588648,24464528,3145080,13698288,7645176,14700360,29856576,21406462,5265180,14490360,9174264,0,1647024,573386,-1,-1,-1,-1,-1,-1,-1,-1,-1,-1,-1,-1,-1,-1,-1,-1,-1,-1,-1,-1,-1,-1,-1,-1
57,3,0,false,5.161043,false,-1,1,12,0,0,0,false,980024,4665090,2502054,18870480,36528768,26758116,22015560,41094864,30580704,-1,-1,-1,18870480,36528768,26758116,2943584,9392704,5655702,-1,-1,-1,-1,-1,-1,-1,-1,-1,-1,-1,-1,-1,-1,-1,-1,-1,-1,-1,-1,-1,-1,-1,-1
57,4,0,false,9.022069,false,-1,-2,11,0,0,0,false,1755060,5796144,3440349,1755060,5796144,3440349,2797560,8298144,5160474,13987800,29043504,20641896,64450584,104478387,82880658,-1,-1,-1,-1,-1,-1,-1,-1,-1,-1,-1,-1,-1,-1,-1,-1,-1,-1,0,702876,231401,-1,-1,-1,-1,-1,-1
58,0,-1,false,1.1250302,true,-1,5,9,0,0,0,false,86433200,131208960,107312700,86433200,131208960,107312700,2143368,8887788,5072964,49390400,82005600,64387620,5259384,12536580,8454888,486342,2395197,1268241,-1,-1,-1,-1,-1,-1,17769488,37083816,26392520,-1,-1,-1,-1,-1,-1,-1,-1,-1,-1,-1,-1,-1,-1,-1
58,1,1116,false,2.0079625,false,-1,4,13,0,0,0,false,55564200,90206160,71541800,55564200,90206160,71541800,2143368,8887788,5072964,37042800,65604480,50079260,5259384,12536580,8454888,0,1596798,634120,-1,-1,-1,-1,-1,-1,-1,-1,-1,-1,-1,-1,-1,-1,-1,-1,-1,-1,-1,-1,-1,-1,-1,-1
58,2,0,false,2.861766,false,-1,1,19,0,0,0,false,3572280,15236208,8585016,34111140,59756616,45786576,6173800,24601680,14308360,29238120,53116992,40063254,10716840,25393680,17170032,0,2737368,1073127,-1,-1,-1,-1,-1,-1,-1,-1,-1,-1,-1,-1,-1,-1,-1,-1,-1,-1,-1,-1,-1,-1,-1,-1
58,3,0,false,3.9910858,false,-1,1,12,0,0,0,false,1949208,8299530,4682718,37042800,65604480,50079260,43216600,73805040,57233440,-1,-1,-1,37042800,65604480,50079260,5911724,16601044,10584934,-1,-1,-1,-1,-1,-1,-1,-1,-1,-1,-1,-1,-1,-1,-1,-1,-1,-1,-1,-1,-1,-1,-1,-1
58,4,0,false,5.438108,false,-1,1,17,0,0,0,false,3572280,15236208,8585016,20004768,36185994,27315960,39512320,64921100,51217425,0,16401120,7154180,4090632,12178392,7560621,0,1596798,634120,-1,-1,-1,-1,-1,-1,0,7501344,3159796,-1,-1,-1,-1,-1,-1,-1,-1,-1,-1,-1,-1,-1,-1,-1
58,5,1000,false,9.417313,false,-1,-5,10,0,0,0,false,14817120,28701960,21137350,0,1790940,731673,9878080,25968440,17072475,55564200,90206160,71541800,4939040,19476330,11381650,0,1140570,439006,-1,-1,-1,12347600,32802240,21462540,-1,-1,-1,0,5150106,2178972,-1,-1,-1,-1,-1,-1,-1,-1,-1,-1,-1,-1
59,0,1116,false,1.319544,true,-1,4,13,0,0,0,false,47291040,78072192,61430160,47291040,78072192,61430160,1812456,7729596,4355988,31527360,56779776,43001112,4432104,10927980,7259928,0,1403752,544492,-1,-1,-1,-1,-1,-1,-1,-1,-1,-1,-1,-1,-1,-1,-1,-1,-1,-1,-1,-1,-1,-1,-1,-1
59,1,0,true,3.2721488,false,-1,-2,5,0.4018062,0,0.8737745,false,-1,-1,-1,-1,-1,-1,-1,-1,-1,-1,-1,-1,-1,-1,-1,-1,-1,-1,-1,-1,-1,-1,-1,-1,-1,-1,-1,-1,-1,-1,-1,-1,-1,-1,-1,-1,-1,-1,-1,-1,-1,-159,2,-1,false,0.084194094,true,-1,5,9,0,0,0,false,73563840,113559552,92145240,73563840,113559552,92145240,1812456,7729596,4355988,42036480,70974720,55287144,4432104,10927980,7259928,403608,2105628,1088984,-1,-1,-1,-1,-1,-1,-1,-1,-1,-1,-1,-1,-1,-1,-1,-1,-1,-1,-1,-1,-1,-1,-1,-1
59,3,0,false,0.14210221,true,-1,-1,7,0,0,0,false,18124560,35335296,25800852,1510380,6625368,3685836,31527360,56779776,43001112,10509120,28389888,18429048,12065172,23885442,17312136,0,1403752,544492,-1,-1,-1,0,6515776,2713211,-1,-1,-1,0,8325864,3543771,-1,-1,-1,-1,-1,-1,-1,-1,-1,-1,-1,-1
59,4,0,false,0.19867975,true,-1,0.08,23,0,0,0,false,76457760,118128864,95831164,2068830,8635788,4914426,-1,-1,-1,3678192,15082128,8656068,-1,-1,-1,1477368,6556788,3629964,-1,-1,-1,-1,-1,-1,-1,-1,-1,-1,-1,-1,0,8325864,3543771,51800859,83974449,66616452,-1,-1,-1,-1,-1,-1
59,5,1000,false,10.887975,false,-1,-5,10,0,0,0,false,12610944,24841152,18149820,0,1561140,628263,8407296,22475328,14659470,47291040,78072192,61430160,4203648,16856496,9772980,0,1002680,376956,-1,-1,-1,0,14194944,6143016,-1,-1,-1,-1,-1,-1,-1,-1,-1,-1,-1,-1,-1,-1,-1,-1,-1,-1
60,0,0,false,1.5894345,false,-1,-2,11,0,0,0,false,5400600,14545440,9455490,5400600,14545440,9455490,8265880,21422112,14183202,41329400,74977392,56732808,184753536,276274648,227791032,-1,-1,-1,-1,-1,-1,0,21837074,9622599,27239280,58438560,41402944,12909400,33595400,22206075,-1,-1,-1,3549420,10864020,6661822,-1,-1,-1,-1,-1,-1
61,0,0,false,1.627106,false,-1,-4,24,0,0,0,false,10312960,21578300,15288525,805700,4088520,2135540,2065664,9239928,5096140,10483700,23156616,16016484,1467718,7029687,3761447,0,740614,236606,-1,-1,-1,10483700,23156616,16016484,4193480,13232352,8008242,2935436,9372916,5642170,-1,-1,-1,278614,2697951,1128431,-1,-1,-1,-1,-1,-1
62,0,1000,false,3.4698231,false,-1,-5,10,0,0,0,false,11712576,23269008,16933280,0,1467550,586147,7808384,21052912,13676880,43922160,73131168,57312640,3904192,15789684,9117920,0,946540,351693,-1,-1,-1,9760480,26593152,17193792,-1,-1,-1,0,11037796,4687180,-1,-1,-1,-1,-1,-1,-1,-1,-1,0,3218236,1211387
63,0,1000,false,2.8607686,false,-1,-5,10,0,0,0,false,28456608,52571064,39607490,0,3211740,1371033,18971072,47564296,31990665,106712280,165223344,134056120,9485536,35673222,21327110,0,1993040,822618,-1,-1,-1,0,30040608,13405612,-1,-1,-1,0,25452416,11239280,-1,-1,-1,9818352,38178624,22478560,-1,-1,-1,0,6776336,2833462
